Info: [VCS_SAVE_RESTORE_INFO] ASLR (Address Space Layout Randomization) is detected on the machine. To enable $save functionality, ASLR will be switched off and simv re-executed.
Please use '-no_save' simv switch to avoid this.
Information: License queuing is enabled. (DCSH-18)

                           Design Compiler Graphical 
                                 DC Ultra (TM)
                                  DFTMAX (TM)
                              Power Compiler (TM)
                                 DesignWare (R)
                                 DC Expert (TM)
                               Design Vision (TM)
                               HDL Compiler (TM)
                               VHDL Compiler (TM)
                                  DFT Compiler
                               Design Compiler(R)

                 Version W-2024.09 for linux64 - Aug 27, 2024 

                    Copyright (c) 1988 - 2024 Synopsys, Inc.
   This software and the associated documentation are proprietary to Synopsys,
 Inc. This software may only be used in accordance with the terms and conditions
 of a written license agreement with Synopsys, Inc. All other use, reproduction,
   or distribution of this software is strictly prohibited.  Licensed Products
     communicate with Synopsys servers for the purpose of providing software
    updates, detecting software piracy and verifying that customers are using
    Licensed Products in conformity with the applicable License Key for such
  Licensed Products. Synopsys will use information gathered in connection with
    this process to deliver software updates and pursue software pirates and
                                   infringers.

 Inclusivity & Diversity - Visit SolvNetPlus to read the "Synopsys Statement on
            Inclusivity and Diversity" (Refer to article 000036315 at
                        https://solvnetplus.synopsys.com)
Initializing...
Initializing gui preferences from file  /home/aiwan2/.synopsys_dc_gui/preferences.tcl
Current time:       Fri May  9 22:29:38 2025
Hostname:           dcl-l440-06.ews.illinois.edu
CPU Model:          Intel(R) Xeon(R) E-2124 CPU @ 3.30GHz
CPU Details:        Cores = 4 : Sockets = 1 : Cache Size = 8192 KB : Freq = 3.30 GHz
OS:                 Linux 4.18.0-553.51.1.el8_10.x86_64
RAM:                 15 GB (Free   3 GB)
Swap:                 7 GB (Free   7 GB)
Work Filesystem:    /home/aiwan2 mounted to ews-homes-inst-prod.engrit.illinois.edu:/ewshomes/fspool-a/aiwan2/linux
Tmp Filesystem:     /tmp mounted to /dev/mapper/dcl_l440_06_sys-tmp
Work Disk:           25 GB (Free  21 GB)
Tmp Disk:             7 GB (Free   7 GB)

CPU Load: 55%, Ram Free: 3 GB, Swap Free: 7 GB, Work Disk Free: 21 GB, Tmp Disk Free: 7 GB
source dc_warn.tcl
if {[getenv ECE411_MIN_POWER] eq "1"} {
   set power_enable_minpower true
}
set hdlin_ff_always_sync_set_reset true
true
set hdlin_ff_always_async_set_reset true
true
set hdlin_infer_multibit default_all
default_all
set hdlin_check_no_latch true
true
set hdlin_while_loop_iterations 2000000000
2000000000
set_host_options -max_cores [getenv ECE411_DC_CORES]
1
set_app_var report_default_significant_digits 6
6
set design_toplevel [getenv DESIGN_TOP]
cpu
define_design_lib WORK -path ./work
1
set alib_library_analysis_path [getenv STD_CELL_ALIB]
/class/ece411/freepdk-45nm/alib
set symbol_library [list generic.sdb]
generic.sdb
set synthetic_library [list dw_foundation.sldb]
dw_foundation.sldb
set target_library [getenv STD_CELL_LIB]
/class/ece411/freepdk-45nm/stdcells.db
set sram_library [getenv SRAM_LIB]
/home/aiwan2/ece411_group/mp_ooo/synth/../sram/output/mp_cache_data_array/mp_cache_data_array_TT_1p0V_25C_lib.db /home/aiwan2/ece411_group/mp_ooo/synth/../sram/output/d_cache_data_array/d_cache_data_array_TT_1p0V_25C_lib.db /home/aiwan2/ece411_group/mp_ooo/synth/../sram/output/gshare_pht_array/gshare_pht_array_TT_1p0V_25C_lib.db /home/aiwan2/ece411_group/mp_ooo/synth/../sram/output/br_pred_scheme_array/br_pred_scheme_array_TT_1p0V_25C_lib.db /home/aiwan2/ece411_group/mp_ooo/synth/../sram/output/i_cache_data_array/i_cache_data_array_TT_1p0V_25C_lib.db /home/aiwan2/ece411_group/mp_ooo/synth/../sram/output/d_cache_tag_array/d_cache_tag_array_TT_1p0V_25C_lib.db /home/aiwan2/ece411_group/mp_ooo/synth/../sram/output/i_cache_tag_array/i_cache_tag_array_TT_1p0V_25C_lib.db /home/aiwan2/ece411_group/mp_ooo/synth/../sram/output/pht_array/pht_array_TT_1p0V_25C_lib.db /home/aiwan2/ece411_group/mp_ooo/synth/../sram/output/mp_cache_tag_array/mp_cache_tag_array_TT_1p0V_25C_lib.db
if {$sram_library eq ""} {
   set link_library [list "*" $target_library $synthetic_library]
} else {
   set link_library [list "*" $target_library $synthetic_library $sram_library]
}
* /class/ece411/freepdk-45nm/stdcells.db dw_foundation.sldb {/home/aiwan2/ece411_group/mp_ooo/synth/../sram/output/mp_cache_data_array/mp_cache_data_array_TT_1p0V_25C_lib.db /home/aiwan2/ece411_group/mp_ooo/synth/../sram/output/d_cache_data_array/d_cache_data_array_TT_1p0V_25C_lib.db /home/aiwan2/ece411_group/mp_ooo/synth/../sram/output/gshare_pht_array/gshare_pht_array_TT_1p0V_25C_lib.db /home/aiwan2/ece411_group/mp_ooo/synth/../sram/output/br_pred_scheme_array/br_pred_scheme_array_TT_1p0V_25C_lib.db /home/aiwan2/ece411_group/mp_ooo/synth/../sram/output/i_cache_data_array/i_cache_data_array_TT_1p0V_25C_lib.db /home/aiwan2/ece411_group/mp_ooo/synth/../sram/output/d_cache_tag_array/d_cache_tag_array_TT_1p0V_25C_lib.db /home/aiwan2/ece411_group/mp_ooo/synth/../sram/output/i_cache_tag_array/i_cache_tag_array_TT_1p0V_25C_lib.db /home/aiwan2/ece411_group/mp_ooo/synth/../sram/output/pht_array/pht_array_TT_1p0V_25C_lib.db /home/aiwan2/ece411_group/mp_ooo/synth/../sram/output/mp_cache_tag_array/mp_cache_tag_array_TT_1p0V_25C_lib.db}
get_license DC-Ultra-Features
1
get_license DC-Ultra-Opt
1
set pkg_src [getenv PKG_SRCS]
/home/aiwan2/ece411_group/mp_ooo/synth/../pkg/types.sv
if {$pkg_src ne ""} {
   analyze -library WORK -format sverilog $pkg_src
}
Running PRESTO HDLC
Compiling source file /home/aiwan2/ece411_group/mp_ooo/synth/../pkg/types.sv
Presto compilation completed successfully.
Loading db file '/class/ece411/freepdk-45nm/stdcells.db'
Loading db file '/software/Synopsys-2024_x86_64/syn/W-2024.09/libraries/syn/dw_foundation.sldb'
1
set modules [split [getenv HDL_SRCS] " "]
/home/aiwan2/ece411_group/mp_ooo/synth/../hdl/br_predictor.sv /home/aiwan2/ece411_group/mp_ooo/synth/../hdl/plru.sv /home/aiwan2/ece411_group/mp_ooo/synth/../hdl/hashems_cache.sv /home/aiwan2/ece411_group/mp_ooo/synth/../hdl/cpu.sv /home/aiwan2/ece411_group/mp_ooo/synth/../hdl/pf_adapter.sv /home/aiwan2/ece411_group/mp_ooo/synth/../hdl/stages/if_stage.sv /home/aiwan2/ece411_group/mp_ooo/synth/../hdl/stages/wb_stage.sv /home/aiwan2/ece411_group/mp_ooo/synth/../hdl/stages/iss_stage.sv /home/aiwan2/ece411_group/mp_ooo/synth/../hdl/stages/ex_stage.sv /home/aiwan2/ece411_group/mp_ooo/synth/../hdl/stages/id_stage.sv /home/aiwan2/ece411_group/mp_ooo/synth/../hdl/stages/dp_stage.sv /home/aiwan2/ece411_group/mp_ooo/synth/../hdl/ips/sp_ff_array.sv /home/aiwan2/ece411_group/mp_ooo/synth/../hdl/ips/dp_ff_array_flush.sv /home/aiwan2/ece411_group/mp_ooo/synth/../hdl/ips/dp_ff_array.sv /home/aiwan2/ece411_group/mp_ooo/synth/../hdl/ips/dp_ff_array_pht_v.sv /home/aiwan2/ece411_group/mp_ooo/synth/../hdl/ips/queue_sync.sv /home/aiwan2/ece411_group/mp_ooo/synth/../hdl/ips/queue_inverted.sv /home/aiwan2/ece411_group/mp_ooo/synth/../hdl/ips/queue.sv /home/aiwan2/ece411_group/mp_ooo/synth/../hdl/ips/queue_rob.sv /home/aiwan2/ece411_group/mp_ooo/synth/../hdl/cache_arbiter.sv /home/aiwan2/ece411_group/mp_ooo/synth/../hdl/cache_inst.sv /home/aiwan2/ece411_group/mp_ooo/synth/../hdl/func_units/func_mult.sv /home/aiwan2/ece411_group/mp_ooo/synth/../hdl/func_units/func_alu.sv /home/aiwan2/ece411_group/mp_ooo/synth/../hdl/func_units/func_br.sv /home/aiwan2/ece411_group/mp_ooo/synth/../hdl/func_units/func_mem.sv /home/aiwan2/ece411_group/mp_ooo/synth/../hdl/func_units/func_div.sv /home/aiwan2/ece411_group/mp_ooo/synth/../hdl/cacheline_adapter.sv
foreach module $modules {
   analyze -library WORK -format sverilog "${module}"
}
Running PRESTO HDLC
Compiling source file /home/aiwan2/ece411_group/mp_ooo/synth/../hdl/br_predictor.sv
Presto compilation completed successfully.
Running PRESTO HDLC
Compiling source file /home/aiwan2/ece411_group/mp_ooo/synth/../hdl/plru.sv
Presto compilation completed successfully.
Running PRESTO HDLC
Compiling source file /home/aiwan2/ece411_group/mp_ooo/synth/../hdl/hashems_cache.sv
Presto compilation completed successfully.
Running PRESTO HDLC
Compiling source file /home/aiwan2/ece411_group/mp_ooo/synth/../hdl/cpu.sv
Presto compilation completed successfully.
Running PRESTO HDLC
Compiling source file /home/aiwan2/ece411_group/mp_ooo/synth/../hdl/pf_adapter.sv
Presto compilation completed successfully.
Running PRESTO HDLC
Compiling source file /home/aiwan2/ece411_group/mp_ooo/synth/../hdl/stages/if_stage.sv
Presto compilation completed successfully.
Running PRESTO HDLC
Compiling source file /home/aiwan2/ece411_group/mp_ooo/synth/../hdl/stages/wb_stage.sv
Presto compilation completed successfully.
Running PRESTO HDLC
Compiling source file /home/aiwan2/ece411_group/mp_ooo/synth/../hdl/stages/iss_stage.sv
Presto compilation completed successfully.
Running PRESTO HDLC
Compiling source file /home/aiwan2/ece411_group/mp_ooo/synth/../hdl/stages/ex_stage.sv
Presto compilation completed successfully.
Running PRESTO HDLC
Compiling source file /home/aiwan2/ece411_group/mp_ooo/synth/../hdl/stages/id_stage.sv
Presto compilation completed successfully.
Running PRESTO HDLC
Compiling source file /home/aiwan2/ece411_group/mp_ooo/synth/../hdl/stages/dp_stage.sv
Presto compilation completed successfully.
Running PRESTO HDLC
Compiling source file /home/aiwan2/ece411_group/mp_ooo/synth/../hdl/ips/sp_ff_array.sv
Presto compilation completed successfully.
Running PRESTO HDLC
Compiling source file /home/aiwan2/ece411_group/mp_ooo/synth/../hdl/ips/dp_ff_array_flush.sv
Presto compilation completed successfully.
Running PRESTO HDLC
Compiling source file /home/aiwan2/ece411_group/mp_ooo/synth/../hdl/ips/dp_ff_array.sv
Presto compilation completed successfully.
Running PRESTO HDLC
Compiling source file /home/aiwan2/ece411_group/mp_ooo/synth/../hdl/ips/dp_ff_array_pht_v.sv
Presto compilation completed successfully.
Running PRESTO HDLC
Compiling source file /home/aiwan2/ece411_group/mp_ooo/synth/../hdl/ips/queue_sync.sv
Presto compilation completed successfully.
Running PRESTO HDLC
Compiling source file /home/aiwan2/ece411_group/mp_ooo/synth/../hdl/ips/queue_inverted.sv
Presto compilation completed successfully.
Running PRESTO HDLC
Compiling source file /home/aiwan2/ece411_group/mp_ooo/synth/../hdl/ips/queue.sv
Presto compilation completed successfully.
Running PRESTO HDLC
Compiling source file /home/aiwan2/ece411_group/mp_ooo/synth/../hdl/ips/queue_rob.sv
Presto compilation completed successfully.
Running PRESTO HDLC
Compiling source file /home/aiwan2/ece411_group/mp_ooo/synth/../hdl/cache_arbiter.sv
Presto compilation completed successfully.
Running PRESTO HDLC
Compiling source file /home/aiwan2/ece411_group/mp_ooo/synth/../hdl/cache_inst.sv
Presto compilation completed successfully.
Running PRESTO HDLC
Compiling source file /home/aiwan2/ece411_group/mp_ooo/synth/../hdl/func_units/func_mult.sv
Presto compilation completed successfully.
Running PRESTO HDLC
Compiling source file /home/aiwan2/ece411_group/mp_ooo/synth/../hdl/func_units/func_alu.sv
Presto compilation completed successfully.
Running PRESTO HDLC
Compiling source file /home/aiwan2/ece411_group/mp_ooo/synth/../hdl/func_units/func_br.sv
Presto compilation completed successfully.
Running PRESTO HDLC
Compiling source file /home/aiwan2/ece411_group/mp_ooo/synth/../hdl/func_units/func_mem.sv
Presto compilation completed successfully.
Running PRESTO HDLC
Compiling source file /home/aiwan2/ece411_group/mp_ooo/synth/../hdl/func_units/func_div.sv
Presto compilation completed successfully.
Running PRESTO HDLC
Compiling source file /home/aiwan2/ece411_group/mp_ooo/synth/../hdl/cacheline_adapter.sv
Presto compilation completed successfully.
elaborate $design_toplevel
Loading db file '/home/aiwan2/ece411_group/mp_ooo/sram/output/mp_cache_data_array/mp_cache_data_array_TT_1p0V_25C_lib.db'
Loading db file '/home/aiwan2/ece411_group/mp_ooo/sram/output/d_cache_data_array/d_cache_data_array_TT_1p0V_25C_lib.db'
Loading db file '/home/aiwan2/ece411_group/mp_ooo/sram/output/gshare_pht_array/gshare_pht_array_TT_1p0V_25C_lib.db'
Loading db file '/home/aiwan2/ece411_group/mp_ooo/sram/output/br_pred_scheme_array/br_pred_scheme_array_TT_1p0V_25C_lib.db'
Loading db file '/home/aiwan2/ece411_group/mp_ooo/sram/output/i_cache_data_array/i_cache_data_array_TT_1p0V_25C_lib.db'
Loading db file '/home/aiwan2/ece411_group/mp_ooo/sram/output/d_cache_tag_array/d_cache_tag_array_TT_1p0V_25C_lib.db'
Loading db file '/home/aiwan2/ece411_group/mp_ooo/sram/output/i_cache_tag_array/i_cache_tag_array_TT_1p0V_25C_lib.db'
Loading db file '/home/aiwan2/ece411_group/mp_ooo/sram/output/pht_array/pht_array_TT_1p0V_25C_lib.db'
Loading db file '/home/aiwan2/ece411_group/mp_ooo/sram/output/mp_cache_tag_array/mp_cache_tag_array_TT_1p0V_25C_lib.db'
Loading db file '/software/Synopsys-2024_x86_64/syn/W-2024.09/libraries/syn/gtech.db'
Loading db file '/software/Synopsys-2024_x86_64/syn/W-2024.09/libraries/syn/standard.sldb'
  Loading link library 'NangateOpenCellLibrary'
  Loading link library 'mp_cache_data_array_TT_1p0V_25C_lib'
  Loading link library 'd_cache_data_array_TT_1p0V_25C_lib'
  Loading link library 'gshare_pht_array_TT_1p0V_25C_lib'
  Loading link library 'br_pred_scheme_array_TT_1p0V_25C_lib'
  Loading link library 'i_cache_data_array_TT_1p0V_25C_lib'
  Loading link library 'd_cache_tag_array_TT_1p0V_25C_lib'
  Loading link library 'i_cache_tag_array_TT_1p0V_25C_lib'
  Loading link library 'pht_array_TT_1p0V_25C_lib'
  Loading link library 'mp_cache_tag_array_TT_1p0V_25C_lib'
  Loading link library 'gtech'
Running PRESTO HDLC

Inferred memory devices in process in routine 'cpu' in file
	 /home/aiwan2/ece411_group/mp_ooo/synth/../hdl/cpu.sv'.
=====================================================================================
|     Register Name      |   Type    | Width | Bus | MB |  Set  | Reset | ST | Line |
=====================================================================================
|    flushed_done_reg    | Flip-flop |   1   |  N  | N  | None  | Sync  | N  | 189  |
| br_pred_taken_done_reg | Flip-flop |   1   |  N  | N  | None  | Sync  | N  | 189  |
|  fetch_full_prev_reg   | Flip-flop |   1   |  N  | N  | None  | None  | N  | 189  |
|  order_next_saved_reg  | Flip-flop |  64   |  Y  | Y  | None  | Sync  | N  | 189  |
| br_pred_taken_reg_reg  | Flip-flop |   1   |  N  | N  | None  | Sync  | N  | 189  |
|      flushed_reg       | Flip-flop |   1   |  N  | N  | None  | Sync  | N  | 189  |
|   pc_next_saved_reg    | Flip-flop |  32   |  Y  | Y  | None  | Sync  | N  | 189  |
|      rat_arr_reg       | Flip-flop |  224  |  Y  | Y  | None  | None  | N  | 299  |
|      rrf_arr_reg       | Flip-flop | 1248  |  Y  | Y  | None  | None  | N  | 299  |
|         pc_reg         | Flip-flop |  32   |  Y  | Y  | Sync  | Sync  | N  | 299  |
|       order_reg        | Flip-flop |  64   |  Y  | Y  | None  | Sync  | N  | 299  |
|     i_mem_addr_reg     | Flip-flop |  32   |  Y  | Y  | None  | Sync  | N  | 299  |
|     if_id_reg_reg      | Flip-flop |  129  |  Y  | Y  | None  | Sync  | N  | 299  |
|     id_dp_reg_reg      | Flip-flop |  370  |  Y  | Y  | None  | Sync  | N  | 299  |
|     dp_iss_reg_reg     | Flip-flop |  370  |  Y  | Y  | None  | Sync  | N  | 299  |
|     ex_wb_reg_reg      | Flip-flop |  478  |  Y  | Y  | None  | None  | N  | 299  |
|     wb_cm_reg_reg      | Flip-flop |  186  |  Y  | Y  | None  | None  | N  | 299  |
|   iss_ex_br_reg_reg    | Flip-flop |  177  |  Y  | Y  | None  | None  | N  | 299  |
|   iss_ex_mem_reg_reg   | Flip-flop |  161  |  Y  | Y  | None  | None  | N  | 299  |
|   iss_ex_alu_reg_reg   | Flip-flop |  166  |  Y  | Y  | None  | None  | N  | 299  |
|  iss_ex_alu2_reg_reg   | Flip-flop |  166  |  Y  | Y  | None  | None  | N  | 299  |
|  iss_ex_mult_reg_reg   | Flip-flop |  96   |  Y  | Y  | None  | None  | N  | 299  |
|  d_mem_wdata_reg_reg   | Flip-flop |  32   |  Y  | Y  | None  | None  | N  | 299  |
|   iss_ex_div_reg_reg   | Flip-flop |  96   |  Y  | Y  | None  | None  | N  | 299  |
|   d_mem_addr_reg_reg   | Flip-flop |  32   |  Y  | Y  | None  | None  | N  | 299  |
|  d_mem_rmask_reg_reg   | Flip-flop |   4   |  Y  | Y  | None  | None  | N  | 299  |
|  d_mem_wmask_reg_reg   | Flip-flop |   4   |  Y  | Y  | None  | None  | N  | 299  |
=====================================================================================
Statistics for MUX_OPs
======================================================
| block name/line  | Inputs | Outputs | # sel inputs |
======================================================
|     cpu/413      |   32   |    5    |      5       |
|     cpu/611      |   32   |   39    |      5       |
|     cpu/611      |   32   |   39    |      5       |
|     cpu/611      |   32   |    7    |      5       |
|     cpu/611      |   32   |    7    |      5       |
======================================================
Information:  Complex logic will not be considered for set/reset inference. (ELAB-2008)
Presto compilation completed successfully. (cpu)
Module: cpu, Ports: 198, Input: 100, Output: 98, Inout: 0
Module: cpu, Registers: 4168, Async set/reset: 0, Sync set/reset: 1097
Information: Module report end. (ELAB-965)
Elaborated 1 design.
Current design is now 'cpu'.
Information: Building the design 'if_stage_i'. (HDL-193)

Inferred memory devices in process in routine 'if_stage_i' in file
	 /home/aiwan2/ece411_group/mp_ooo/synth/../hdl/stages/if_stage.sv'.
==================================================================================
|    Register Name    |   Type    | Width | Bus | MB |  Set  | Reset | ST | Line |
==================================================================================
|  prev_data_out_reg  | Flip-flop |  129  |  Y  | Y  | None  | Sync  | N  |  29  |
==================================================================================
Presto compilation completed successfully. (if_stage_i)
Module: if_stage_i, Ports: 263, Input: 133, Output: 130, Inout: 0
Module: if_stage_i, Registers: 129, Async set/reset: 0, Sync set/reset: 129
Information: Module report end. (ELAB-965)
Information: Building the design 'id_stage_i'. (HDL-193)

Statistics for case statements in always block in file
	'/home/aiwan2/ece411_group/mp_ooo/synth/../hdl/stages/id_stage.sv'
===========================================================
|    Line    |  full/ parallel  |      block location     |
===========================================================
|     38     |    user/user     | always block at line 27 |
|     63     |    user/user     | always block at line 27 |
|    113     |    user/user     | always block at line 27 |
|    254     |    user/user     | always block at line 27 |
===========================================================
Presto compilation completed successfully. (id_stage_i)
Module: id_stage_i, Ports: 545, Input: 175, Output: 370, Inout: 0
Module: id_stage_i, Registers: 0, Async set/reset: 0, Sync set/reset: 0
Information: Module report end. (ELAB-965)
Information: Building the design 'dp_stage_i'. (HDL-193)
Presto compilation completed successfully. (dp_stage_i)
Module: dp_stage_i, Ports: 851, Input: 469, Output: 382, Inout: 0
Module: dp_stage_i, Registers: 0, Async set/reset: 0, Sync set/reset: 0
Information: Module report end. (ELAB-965)
Information: Building the design 'iss_stage_i'. (HDL-193)

Statistics for case statements in always block in file
	'/home/aiwan2/ece411_group/mp_ooo/synth/../hdl/stages/iss_stage.sv'
============================================================
|    Line    |  full/ parallel  |      block location      |
============================================================
|    534     |     no/auto      | always block at line 514 |
============================================================

Inferred memory devices in process in routine 'iss_stage_i' in file
	 /home/aiwan2/ece411_group/mp_ooo/synth/../hdl/stages/iss_stage.sv'.
==================================================================================
|    Register Name    |   Type    | Width | Bus | MB |  Set  | Reset | ST | Line |
==================================================================================
|       prf_reg       | Flip-flop | 1056  |  Y  | Y  | None  | None  | N  |  73  |
|      rs_br_reg      | Flip-flop |  704  |  Y  | Y  | None  | Sync  | N  |  92  |
|     rs_alu_reg      | Flip-flop |  660  |  Y  | Y  | None  | Sync  | N  | 161  |
|     rs_mult_reg     | Flip-flop |  380  |  Y  | Y  | None  | Sync  | N  | 241  |
|     rs_mem_reg      | Flip-flop |  640  |  Y  | Y  | None  | Sync  | N  | 319  |
==================================================================================
Statistics for MUX_OPs
======================================================
| block name/line  | Inputs | Outputs | # sel inputs |
======================================================
| iss_stage_i/127  |   32   |   33    |      5       |
| iss_stage_i/150  |   32   |   33    |      5       |
| iss_stage_i/127  |   32   |   33    |      5       |
| iss_stage_i/150  |   32   |   33    |      5       |
| iss_stage_i/127  |   32   |   33    |      5       |
| iss_stage_i/150  |   32   |   33    |      5       |
| iss_stage_i/127  |   32   |   33    |      5       |
| iss_stage_i/150  |   32   |   33    |      5       |
| iss_stage_i/203  |   32   |   33    |      5       |
| iss_stage_i/229  |   32   |   33    |      5       |
| iss_stage_i/203  |   32   |   33    |      5       |
| iss_stage_i/229  |   32   |   33    |      5       |
| iss_stage_i/203  |   32   |   33    |      5       |
| iss_stage_i/229  |   32   |   33    |      5       |
| iss_stage_i/203  |   32   |   33    |      5       |
| iss_stage_i/229  |   32   |   33    |      5       |
| iss_stage_i/282  |   32   |   33    |      5       |
| iss_stage_i/308  |   32   |   33    |      5       |
| iss_stage_i/282  |   32   |   33    |      5       |
| iss_stage_i/308  |   32   |   33    |      5       |
| iss_stage_i/282  |   32   |   33    |      5       |
| iss_stage_i/308  |   32   |   33    |      5       |
| iss_stage_i/282  |   32   |   33    |      5       |
| iss_stage_i/308  |   32   |   33    |      5       |
| iss_stage_i/357  |   32   |   33    |      5       |
| iss_stage_i/383  |   32   |   33    |      5       |
| iss_stage_i/357  |   32   |   33    |      5       |
| iss_stage_i/383  |   32   |   33    |      5       |
| iss_stage_i/357  |   32   |   33    |      5       |
| iss_stage_i/383  |   32   |   33    |      5       |
| iss_stage_i/357  |   32   |   33    |      5       |
| iss_stage_i/383  |   32   |   33    |      5       |
======================================================
Presto compilation completed successfully. (iss_stage_i)
Module: iss_stage_i, Ports: 1597, Input: 734, Output: 863, Inout: 0
Module: iss_stage_i, Registers: 3440, Async set/reset: 0, Sync set/reset: 16
Information: Module report end. (ELAB-965)
Information: Building the design 'ex_stage_i'. (HDL-193)
Presto compilation completed successfully. (ex_stage_i)
Module: ex_stage_i, Ports: 1722, Input: 865, Output: 857, Inout: 0
Module: ex_stage_i, Registers: 0, Async set/reset: 0, Sync set/reset: 0
Information: Module report end. (ELAB-965)
Information: Building the design 'wb_stage_i'. (HDL-193)

Statistics for case statements in always block in file
	'/home/aiwan2/ece411_group/mp_ooo/synth/../hdl/stages/wb_stage.sv'
============================================================
|    Line    |  full/ parallel  |      block location      |
============================================================
|     77     |    user/user     | always block at line 66  |
|    347     |    user/user     | always block at line 101 |
|    365     |    user/user     | always block at line 101 |
============================================================

Inferred memory devices in process in routine 'wb_stage_i' in file
	 /home/aiwan2/ece411_group/mp_ooo/synth/../hdl/stages/wb_stage.sv'.
==================================================================================
|    Register Name    |   Type    | Width | Bus | MB |  Set  | Reset | ST | Line |
==================================================================================
|    write_pkt_reg    | Flip-flop |  69   |  Y  | Y  | None  | None  | N  |  66  |
| store_buf_addr_reg  | Flip-flop |  32   |  Y  | Y  | None  | None  | N  |  66  |
==================================================================================
Information:  Complex logic will not be considered for set/reset inference. (ELAB-2008)
Presto compilation completed successfully. (wb_stage_i)
Module: wb_stage_i, Ports: 1846, Input: 885, Output: 961, Inout: 0
Module: wb_stage_i, Registers: 101, Async set/reset: 0, Sync set/reset: 0
Information: Module report end. (ELAB-965)
Information: Building the design 'br_predictor_i'. (HDL-193)

Inferred memory devices in process in routine 'br_predictor_i' in file
	 /home/aiwan2/ece411_group/mp_ooo/synth/../hdl/br_predictor.sv'.
==================================================================================
|    Register Name    |   Type    | Width | Bus | MB |  Set  | Reset | ST | Line |
==================================================================================
| fetch_valid_reg_reg | Flip-flop |   1   |  N  | N  | None  | Sync  | N  | 223  |
|  fetch_pc_reg_reg   | Flip-flop |  32   |  Y  | Y  | None  | Sync  | N  | 223  |
|     ghr_reg_reg     | Flip-flop |  10   |  Y  | Y  | None  | Sync  | N  | 301  |
|      ghr_q_reg      | Flip-flop |  320  |  Y  | Y  | None  | None  | N  | 353  |
|    ghr_tail_reg     | Flip-flop |   6   |  Y  | Y  | None  | Sync  | N  | 353  |
|    ghr_head_reg     | Flip-flop |   6   |  Y  | Y  | None  | Sync  | N  | 353  |
==================================================================================
Statistics for MUX_OPs
========================================================
|  block name/line   | Inputs | Outputs | # sel inputs |
========================================================
| br_predictor_i/349 |   32   |   10    |      5       |
========================================================
Presto compilation completed successfully. (br_predictor_i)
Module: br_predictor_i, Ports: 127, Input: 82, Output: 45, Inout: 0
Module: br_predictor_i, Registers: 375, Async set/reset: 0, Sync set/reset: 55
Information: Module report end. (ELAB-965)
Information: Building the design 'queue_inverted_i' instantiated from design 'cpu' with
	the parameters "WIDTH=5,DEPTH=32". (HDL-193)

Inferred memory devices in process in routine 'queue_inverted_i_WIDTH5_DEPTH32' in file
	 /home/aiwan2/ece411_group/mp_ooo/synth/../hdl/ips/queue_inverted.sv'.
==================================================================================
|    Register Name    |   Type    | Width | Bus | MB |  Set  | Reset | ST | Line |
==================================================================================
|      head_reg       | Flip-flop |   4   |  Y  | Y  | Sync  | Sync  | N  |  55  |
|   queue_table_reg   | Flip-flop |  160  |  Y  | Y  | Sync  | Sync  | N  |  55  |
|      tail_reg       | Flip-flop |   6   |  Y  | Y  | None  | Sync  | N  |  55  |
==================================================================================
Statistics for MUX_OPs
========================================================================
|          block name/line           | Inputs | Outputs | # sel inputs |
========================================================================
| queue_inverted_i_WIDTH5_DEPTH32/45 |   32   |    5    |      5       |
| queue_inverted_i_WIDTH5_DEPTH32/52 |   32   |    5    |      5       |
========================================================================
Presto compilation completed successfully. (queue_inverted_i_WIDTH5_DEPTH32)
Module: queue_inverted_i_WIDTH5_DEPTH32, Ports: 47, Input: 25, Output: 22, Inout: 0
Module: queue_inverted_i_WIDTH5_DEPTH32, Registers: 172, Async set/reset: 0, Sync set/reset: 172
Information: Module report end. (ELAB-965)
Information: Building the design 'cacheline_adapter_i'. (HDL-193)

Statistics for case statements in always block in file
	'/home/aiwan2/ece411_group/mp_ooo/synth/../hdl/cacheline_adapter.sv'
===========================================================
|    Line    |  full/ parallel  |      block location     |
===========================================================
|     95     |    user/user     | always block at line 82 |
===========================================================

Inferred memory devices in process in routine 'cacheline_adapter_i' in file
	 /home/aiwan2/ece411_group/mp_ooo/synth/../hdl/cacheline_adapter.sv'.
==================================================================================
|    Register Name    |   Type    | Width | Bus | MB |  Set  | Reset | ST | Line |
==================================================================================
|   bmem_write_reg    | Flip-flop |   1   |  N  | N  | None  | Sync  | N  |  62  |
|      state_reg      | Flip-flop |  32   |  Y  | Y  | None  | Sync  | N  |  62  |
|    dfp_rdata_reg    | Flip-flop |  256  |  Y  | Y  | None  | Sync  | N  |  62  |
|    dfp_resp_reg     | Flip-flop |   1   |  N  | N  | None  | Sync  | N  |  62  |
|    bmem_addr_reg    | Flip-flop |  32   |  Y  | Y  | None  | Sync  | N  |  62  |
|    bmem_read_reg    | Flip-flop |   1   |  N  | N  | None  | Sync  | N  |  62  |
==================================================================================
Presto compilation completed successfully. (cacheline_adapter_i)
Module: cacheline_adapter_i, Ports: 973, Input: 616, Output: 357, Inout: 0
Module: cacheline_adapter_i, Registers: 323, Async set/reset: 0, Sync set/reset: 323
Information: Module report end. (ELAB-965)
Information: Building the design 'cache_inst'. (HDL-193)

Statistics for case statements in always block in file
	'/home/aiwan2/ece411_group/mp_ooo/synth/../hdl/cache_inst.sv'
============================================================
|    Line    |  full/ parallel  |      block location      |
============================================================
|    338     |    user/user     | always block at line 314 |
|    423     |    user/user     | always block at line 314 |
============================================================

Inferred memory devices in process in routine 'cache_inst' in file
	 /home/aiwan2/ece411_group/mp_ooo/synth/../hdl/cache_inst.sv'.
=====================================================================================
|     Register Name      |   Type    | Width | Bus | MB |  Set  | Reset | ST | Line |
=====================================================================================
|    ufp_addr_reg_reg    | Flip-flop |  30   |  Y  | Y  | None  | None  | N  | 186  |
|   ufp_wdata_reg_reg    | Flip-flop |  32   |  Y  | Y  | None  | None  | N  | 186  |
|   ufp_rmask_reg_reg    | Flip-flop |   4   |  Y  | Y  | None  | None  | N  | 186  |
|   ufp_wmask_reg_reg    | Flip-flop |   4   |  Y  | Y  | None  | None  | N  | 186  |
|       state_reg        | Flip-flop |  32   |  Y  | Y  | None  | Sync  | N  | 199  |
|   line_buf_data_reg    | Flip-flop |  256  |  Y  | Y  | None  | None  | N  | 283  |
| line_buf_tag_index_reg | Flip-flop |  27   |  Y  | Y  | None  | Sync  | N  | 283  |
=====================================================================================
Presto compilation completed successfully. (cache_inst)
Module: cache_inst, Ports: 654, Input: 331, Output: 323, Inout: 0
Module: cache_inst, Registers: 385, Async set/reset: 0, Sync set/reset: 59
Information: Module report end. (ELAB-965)
Information: Building the design 'cache'. (HDL-193)

Statistics for case statements in always block in file
	'/home/aiwan2/ece411_group/mp_ooo/synth/../hdl/hashems_cache.sv'
============================================================
|    Line    |  full/ parallel  |      block location      |
============================================================
|    337     |    user/user     | always block at line 313 |
|    422     |    user/user     | always block at line 313 |
============================================================

Inferred memory devices in process in routine 'cache' in file
	 /home/aiwan2/ece411_group/mp_ooo/synth/../hdl/hashems_cache.sv'.
=====================================================================================
|     Register Name      |   Type    | Width | Bus | MB |  Set  | Reset | ST | Line |
=====================================================================================
|    ufp_addr_reg_reg    | Flip-flop |  30   |  Y  | Y  | None  | None  | N  | 185  |
|   ufp_wdata_reg_reg    | Flip-flop |  32   |  Y  | Y  | None  | None  | N  | 185  |
|   ufp_rmask_reg_reg    | Flip-flop |   4   |  Y  | Y  | None  | None  | N  | 185  |
|   ufp_wmask_reg_reg    | Flip-flop |   4   |  Y  | Y  | None  | None  | N  | 185  |
|       state_reg        | Flip-flop |  32   |  Y  | Y  | None  | Sync  | N  | 198  |
|   line_buf_data_reg    | Flip-flop |  256  |  Y  | Y  | None  | None  | N  | 282  |
| line_buf_tag_index_reg | Flip-flop |  27   |  Y  | Y  | None  | Sync  | N  | 282  |
=====================================================================================
Presto compilation completed successfully. (cache)
Module: cache, Ports: 654, Input: 331, Output: 323, Inout: 0
Module: cache, Registers: 385, Async set/reset: 0, Sync set/reset: 59
Information: Module report end. (ELAB-965)
Information: Building the design 'cache_arbiter_i'. (HDL-193)

Statistics for case statements in always block in file
	'/home/aiwan2/ece411_group/mp_ooo/synth/../hdl/cache_arbiter.sv'
============================================================
|    Line    |  full/ parallel  |      block location      |
============================================================
|    195     |    user/user     | always block at line 168 |
============================================================

Inferred memory devices in process in routine 'cache_arbiter_i' in file
	 /home/aiwan2/ece411_group/mp_ooo/synth/../hdl/cache_arbiter.sv'.
======================================================================================
|      Register Name      |   Type    | Width | Bus | MB |  Set  | Reset | ST | Line |
======================================================================================
|   i_adp_busy_reg_reg    | Flip-flop |   1   |  N  | N  | None  | None  | N  |  98  |
|     stream_wait_reg     | Flip-flop |   1   |  N  | N  | None  | Sync  | N  |  98  |
| stream_buf_resp_idx_reg | Flip-flop |   2   |  Y  | Y  | None  | Sync  | N  |  98  |
|         pf_reg          | Flip-flop |  32   |  Y  | Y  | None  | Sync  | N  |  98  |
|       pf_busy_reg       | Flip-flop |   1   |  N  | N  | None  | Sync  | N  |  98  |
|    stream_reset_reg     | Flip-flop |   1   |  N  | N  | None  | Sync  | N  |  98  |
|       pf_addr_reg       | Flip-flop |  27   |  Y  | Y  | None  | Sync  | N  |  98  |
|       pf_sent_reg       | Flip-flop |   1   |  N  | N  | None  | Sync  | N  |  98  |
|    stream_buffer_reg    | Flip-flop | 1140  |  Y  | Y  | None  | Sync  | N  | 122  |
| stream_buf_recieve_reg  | Flip-flop |   1   |  N  | N  | None  | Sync  | N  | 122  |
======================================================================================
Statistics for MUX_OPs
=========================================================
|  block name/line    | Inputs | Outputs | # sel inputs |
=========================================================
| cache_arbiter_i/133 |   4    |    1    |      2       |
| cache_arbiter_i/164 |   4    |   257   |      2       |
| cache_arbiter_i/202 |   4    |    1    |      2       |
| cache_arbiter_i/262 |   4    |    1    |      2       |
=========================================================
Information:  Complex logic will not be considered for set/reset inference. (ELAB-2008)
Presto compilation completed successfully. (cache_arbiter_i)
Module: cache_arbiter_i, Ports: 718, Input: 232, Output: 486, Inout: 0
Module: cache_arbiter_i, Registers: 1207, Async set/reset: 0, Sync set/reset: 1202
Information: Module report end. (ELAB-965)
Information: Building the design 'queue_sync_i' instantiated from design 'if_stage_i' with
	the parameters "WIDTH=129,DEPTH=16". (HDL-193)

Inferred memory devices in process in routine 'queue_sync_i_WIDTH129_DEPTH16' in file
	 /home/aiwan2/ece411_group/mp_ooo/synth/../hdl/ips/queue_sync.sv'.
==================================================================================
|    Register Name    |   Type    | Width | Bus | MB |  Set  | Reset | ST | Line |
==================================================================================
|   queue_table_reg   | Flip-flop | 2064  |  Y  | Y  | None  | None  | N  |  68  |
|      tail_reg       | Flip-flop |   5   |  Y  | Y  | None  | Sync  | N  |  68  |
|      head_reg       | Flip-flop |   5   |  Y  | Y  | None  | Sync  | N  |  68  |
==================================================================================
Statistics for MUX_OPs
======================================================================
|         block name/line          | Inputs | Outputs | # sel inputs |
======================================================================
| queue_sync_i_WIDTH129_DEPTH16/57 |   16   |   129   |      4       |
| queue_sync_i_WIDTH129_DEPTH16/64 |   16   |   129   |      4       |
======================================================================
Presto compilation completed successfully. (queue_sync_i_WIDTH129_DEPTH16)
Module: queue_sync_i_WIDTH129_DEPTH16, Ports: 540, Input: 272, Output: 268, Inout: 0
Module: queue_sync_i_WIDTH129_DEPTH16, Registers: 2074, Async set/reset: 0, Sync set/reset: 10
Information: Module report end. (ELAB-965)
Information: Building the design 'func_alu_i'. (HDL-193)

Statistics for case statements in always block in file
	'/home/aiwan2/ece411_group/mp_ooo/synth/../hdl/func_units/func_alu.sv'
===========================================================
|    Line    |  full/ parallel  |      block location     |
===========================================================
|     55     |    user/user     | always block at line 46 |
|     68     |    user/user     | always block at line 46 |
===========================================================
Presto compilation completed successfully. (func_alu_i)
Module: func_alu_i, Ports: 366, Input: 167, Output: 199, Inout: 0
Module: func_alu_i, Registers: 0, Async set/reset: 0, Sync set/reset: 0
Information: Module report end. (ELAB-965)
Information: Building the design 'func_br_i'. (HDL-193)

Statistics for case statements in always block in file
	'/home/aiwan2/ece411_group/mp_ooo/synth/../hdl/func_units/func_br.sv'
===========================================================
|    Line    |  full/ parallel  |      block location     |
===========================================================
|     38     |    user/user     | always block at line 23 |
===========================================================
Presto compilation completed successfully. (func_br_i)
Module: func_br_i, Ports: 420, Input: 178, Output: 242, Inout: 0
Module: func_br_i, Registers: 0, Async set/reset: 0, Sync set/reset: 0
Information: Module report end. (ELAB-965)
Information: Building the design 'func_mult_i'. (HDL-193)

Statistics for case statements in always block in file
	'/home/aiwan2/ece411_group/mp_ooo/synth/../hdl/func_units/func_mult.sv'
============================================================
|    Line    |  full/ parallel  |      block location      |
============================================================
|    112     |    user/user     | always block at line 100 |
|    156     |    user/user     | always block at line 147 |
============================================================

Inferred memory devices in process in routine 'func_mult_i' in file
	 /home/aiwan2/ece411_group/mp_ooo/synth/../hdl/func_units/func_mult.sv'.
==========================================================================================
|        Register Name        |   Type    | Width | Bus | MB |  Set  | Reset | ST | Line |
==========================================================================================
| instr_pkt_in_stage_regs_reg | Flip-flop |  380  |  Y  | Y  | None  | Sync  | N  |  82  |
==========================================================================================
Presto compilation completed successfully. (func_mult_i)
Module: func_mult_i, Ports: 229, Input: 99, Output: 130, Inout: 0
Module: func_mult_i, Registers: 380, Async set/reset: 0, Sync set/reset: 380
Information: Module report end. (ELAB-965)
Information: Building the design 'func_div_i'. (HDL-193)

Statistics for case statements in always block in file
	'/home/aiwan2/ece411_group/mp_ooo/synth/../hdl/func_units/func_div.sv'
============================================================
|    Line    |  full/ parallel  |      block location      |
============================================================
|    115     |    user/user     | always block at line 103 |
|    162     |    user/user     | always block at line 153 |
============================================================

Inferred memory devices in process in routine 'func_div_i' in file
	 /home/aiwan2/ece411_group/mp_ooo/synth/../hdl/func_units/func_div.sv'.
==========================================================================================
|        Register Name        |   Type    | Width | Bus | MB |  Set  | Reset | ST | Line |
==========================================================================================
| instr_pkt_in_stage_regs_reg | Flip-flop | 1140  |  Y  | Y  | None  | Sync  | N  |  84  |
==========================================================================================
Presto compilation completed successfully. (func_div_i)
Module: func_div_i, Ports: 230, Input: 100, Output: 130, Inout: 0
Module: func_div_i, Registers: 1140, Async set/reset: 0, Sync set/reset: 1140
Information: Module report end. (ELAB-965)
Information: Building the design 'func_mem1_i'. (HDL-193)

Statistics for case statements in always block in file
	'/home/aiwan2/ece411_group/mp_ooo/synth/../hdl/func_units/func_mem.sv'
===========================================================
|    Line    |  full/ parallel  |      block location     |
===========================================================
|     48     |    user/user     | always block at line 32 |
|     65     |    user/user     | always block at line 32 |
|     71     |    user/user     | always block at line 32 |
===========================================================
Presto compilation completed successfully. (func_mem1_i)
Module: func_mem1_i, Ports: 435, Input: 164, Output: 271, Inout: 0
Module: func_mem1_i, Registers: 0, Async set/reset: 0, Sync set/reset: 0
Information: Module report end. (ELAB-965)
Information: Building the design 'queue_rob' instantiated from design 'wb_stage_i' with
	the parameters "WIDTH=422,DEPTH=32". (HDL-193)

Inferred memory devices in process in routine 'queue_rob_WIDTH422_DEPTH32' in file
	 /home/aiwan2/ece411_group/mp_ooo/synth/../hdl/ips/queue_rob.sv'.
==================================================================================
|    Register Name    |   Type    | Width | Bus | MB |  Set  | Reset | ST | Line |
==================================================================================
|      head_reg       | Flip-flop |   6   |  Y  | Y  | None  | Sync  | N  |  68  |
|   queue_table_reg   | Flip-flop | 13504 |  Y  | Y  | None  | Sync  | N  |  68  |
|      tail_reg       | Flip-flop |   6   |  Y  | Y  | None  | Sync  | N  |  68  |
==================================================================================
Statistics for MUX_OPs
===================================================================
|       block name/line         | Inputs | Outputs | # sel inputs |
===================================================================
| queue_rob_WIDTH422_DEPTH32/56 |   32   |   422   |      5       |
| queue_rob_WIDTH422_DEPTH32/57 |   32   |   422   |      5       |
| queue_rob_WIDTH422_DEPTH32/64 |   32   |   422   |      5       |
===================================================================
Presto compilation completed successfully. (queue_rob_WIDTH422_DEPTH32)
Module: queue_rob_WIDTH422_DEPTH32, Ports: 2138, Input: 860, Output: 1278, Inout: 0
Module: queue_rob_WIDTH422_DEPTH32, Registers: 13516, Async set/reset: 0, Sync set/reset: 13516
Information: Module report end. (ELAB-965)
Module: queue_rob_WIDTH422_DEPTH32, Elapsed Time: 00:00:08, CPU Time: 00:00:08, Total Mem: 841.42 MB, Mem: 454.90 MB, Time: Fri May  9 22:29:57 2025
Information: Building the design 'dp_ff_array_pht_v' instantiated from design 'br_predictor_i' with
	the parameters "S_INDEX=10,WIDTH=1". (HDL-193)

Inferred memory devices in process in routine 'dp_ff_array_pht_v_S_INDEX10_WIDTH1' in file
	 /home/aiwan2/ece411_group/mp_ooo/synth/../hdl/ips/dp_ff_array_pht_v.sv'.
==================================================================================
|    Register Name    |   Type    | Width | Bus | MB |  Set  | Reset | ST | Line |
==================================================================================
| internal_array_reg  | Flip-flop | 1024  |  Y  | Y  | None  | Sync  | N  |  23  |
|      dout0_reg      | Flip-flop |   1   |  N  | N  | None  | None  | N  |  23  |
|      dout1_reg      | Flip-flop |   1   |  N  | N  | None  | None  | N  |  23  |
==================================================================================
Statistics for MUX_OPs
===========================================================================
|           block name/line             | Inputs | Outputs | # sel inputs |
===========================================================================
| dp_ff_array_pht_v_S_INDEX10_WIDTH1/37 |  1024  |    1    |      10      |
| dp_ff_array_pht_v_S_INDEX10_WIDTH1/38 |  1024  |    1    |      10      |
===========================================================================
Presto compilation completed successfully. (dp_ff_array_pht_v_S_INDEX10_WIDTH1)
Module: dp_ff_array_pht_v_S_INDEX10_WIDTH1, Ports: 30, Input: 28, Output: 2, Inout: 0
Module: dp_ff_array_pht_v_S_INDEX10_WIDTH1, Registers: 1026, Async set/reset: 0, Sync set/reset: 1024
Information: Module report end. (ELAB-965)
Information: Building the design 'sp_ff_array' instantiated from design 'cache_inst' with
	the parameters "S_INDEX=4". (HDL-193)

Inferred memory devices in process in routine 'sp_ff_array_S_INDEX4' in file
	 /home/aiwan2/ece411_group/mp_ooo/synth/../hdl/ips/sp_ff_array.sv'.
==================================================================================
|    Register Name    |   Type    | Width | Bus | MB |  Set  | Reset | ST | Line |
==================================================================================
|    din0_reg_reg     | Flip-flop |   1   |  N  | N  | None  | None  | N  |  22  |
|    web0_reg_reg     | Flip-flop |   1   |  N  | N  | Sync  | None  | N  |  22  |
|    addr0_reg_reg    | Flip-flop |   4   |  Y  | Y  | None  | None  | N  |  22  |
| internal_array_reg  | Flip-flop |  16   |  Y  | Y  | None  | Sync  | N  |  36  |
==================================================================================
Statistics for MUX_OPs
=============================================================
|    block name/line      | Inputs | Outputs | # sel inputs |
=============================================================
| sp_ff_array_S_INDEX4/49 |   16   |    1    |      4       |
=============================================================
Presto compilation completed successfully. (sp_ff_array_S_INDEX4)
Module: sp_ff_array_S_INDEX4, Ports: 10, Input: 9, Output: 1, Inout: 0
Module: sp_ff_array_S_INDEX4, Registers: 22, Async set/reset: 0, Sync set/reset: 17
Information: Module report end. (ELAB-965)
Information: Building the design 'sp_ff_array' instantiated from design 'cache_inst' with
	the parameters "S_INDEX=4,WIDTH=1". (HDL-193)

Inferred memory devices in process in routine 'sp_ff_array_S_INDEX4_WIDTH1' in file
	 /home/aiwan2/ece411_group/mp_ooo/synth/../hdl/ips/sp_ff_array.sv'.
==================================================================================
|    Register Name    |   Type    | Width | Bus | MB |  Set  | Reset | ST | Line |
==================================================================================
|    din0_reg_reg     | Flip-flop |   1   |  N  | N  | None  | None  | N  |  22  |
|    web0_reg_reg     | Flip-flop |   1   |  N  | N  | Sync  | None  | N  |  22  |
|    addr0_reg_reg    | Flip-flop |   4   |  Y  | Y  | None  | None  | N  |  22  |
| internal_array_reg  | Flip-flop |  16   |  Y  | Y  | None  | Sync  | N  |  36  |
==================================================================================
Statistics for MUX_OPs
====================================================================
|        block name/line         | Inputs | Outputs | # sel inputs |
====================================================================
| sp_ff_array_S_INDEX4_WIDTH1/49 |   16   |    1    |      4       |
====================================================================
Presto compilation completed successfully. (sp_ff_array_S_INDEX4_WIDTH1)
Module: sp_ff_array_S_INDEX4_WIDTH1, Ports: 10, Input: 9, Output: 1, Inout: 0
Module: sp_ff_array_S_INDEX4_WIDTH1, Registers: 22, Async set/reset: 0, Sync set/reset: 17
Information: Module report end. (ELAB-965)
Information: Building the design 'plru_replace' instantiated from design 'cache_inst' with
	the parameters "NUM_WAYS=2". (HDL-193)
Presto compilation completed successfully. (plru_replace_NUM_WAYS2)
Module: plru_replace_NUM_WAYS2, Ports: 3, Input: 1, Output: 2, Inout: 0
Module: plru_replace_NUM_WAYS2, Registers: 0, Async set/reset: 0, Sync set/reset: 0
Information: Module report end. (ELAB-965)
Information: Building the design 'plru_updater' instantiated from design 'cache_inst' with
	the parameters "NUM_WAYS=2". (HDL-193)
Presto compilation completed successfully. (plru_updater_NUM_WAYS2)
Module: plru_updater_NUM_WAYS2, Ports: 3, Input: 2, Output: 1, Inout: 0
Module: plru_updater_NUM_WAYS2, Registers: 0, Async set/reset: 0, Sync set/reset: 0
Information: Module report end. (ELAB-965)
Information: Building the design 'pf_adapter_i'. (HDL-193)

Statistics for case statements in always block in file
	'/home/aiwan2/ece411_group/mp_ooo/synth/../hdl/pf_adapter.sv'
===========================================================
|    Line    |  full/ parallel  |      block location     |
===========================================================
|     54     |    user/user     | always block at line 49 |
===========================================================

Inferred memory devices in process in routine 'pf_adapter_i' in file
	 /home/aiwan2/ece411_group/mp_ooo/synth/../hdl/pf_adapter.sv'.
==================================================================================
|    Register Name    |   Type    | Width | Bus | MB |  Set  | Reset | ST | Line |
==================================================================================
|    dfp_resp_reg     | Flip-flop |   1   |  N  | N  | None  | Sync  | N  |  37  |
|      state_reg      | Flip-flop |  30   |  Y  | Y  | Sync  | Sync  | N  |  37  |
|    dfp_rdata_reg    | Flip-flop |  256  |  Y  | Y  | None  | Sync  | N  |  37  |
==================================================================================
Presto compilation completed successfully. (pf_adapter_i)
Module: pf_adapter_i, Ports: 324, Input: 67, Output: 257, Inout: 0
Module: pf_adapter_i, Registers: 289, Async set/reset: 0, Sync set/reset: 289
Information: Module report end. (ELAB-965)
1
current_design $design_toplevel
Current design is 'cpu'.
{cpu}
change_names -rules verilog -hierarchy
1
check_design
 
****************************************
check_design summary:
Version:     W-2024.09
Date:        Fri May  9 22:30:02 2025
****************************************

                   Name                                            Total
--------------------------------------------------------------------------------
No issues found.
--------------------------------------------------------------------------------

1
set_wire_load_model -name "5K_hvratio_1_1"
1
set_wire_load_mode enclosed
1
source constraints.sdc
1
link

  Linking design 'cpu'
  Using the following designs and libraries:
  --------------------------------------------------------------------------
  * (26 designs)              /home/aiwan2/ece411_group/mp_ooo/synth/cpu.db, etc
  NangateOpenCellLibrary (library)
                              /class/ece411/freepdk-45nm/stdcells.db
  dw_foundation.sldb (library)
                              /software/Synopsys-2024_x86_64/syn/W-2024.09/libraries/syn/dw_foundation.sldb
  mp_cache_data_array_TT_1p0V_25C_lib (library)
                              /home/aiwan2/ece411_group/mp_ooo/sram/output/mp_cache_data_array/mp_cache_data_array_TT_1p0V_25C_lib.db
  d_cache_data_array_TT_1p0V_25C_lib (library)
                              /home/aiwan2/ece411_group/mp_ooo/sram/output/d_cache_data_array/d_cache_data_array_TT_1p0V_25C_lib.db
  gshare_pht_array_TT_1p0V_25C_lib (library)
                              /home/aiwan2/ece411_group/mp_ooo/sram/output/gshare_pht_array/gshare_pht_array_TT_1p0V_25C_lib.db
  br_pred_scheme_array_TT_1p0V_25C_lib (library)
                              /home/aiwan2/ece411_group/mp_ooo/sram/output/br_pred_scheme_array/br_pred_scheme_array_TT_1p0V_25C_lib.db
  i_cache_data_array_TT_1p0V_25C_lib (library)
                              /home/aiwan2/ece411_group/mp_ooo/sram/output/i_cache_data_array/i_cache_data_array_TT_1p0V_25C_lib.db
  d_cache_tag_array_TT_1p0V_25C_lib (library)
                              /home/aiwan2/ece411_group/mp_ooo/sram/output/d_cache_tag_array/d_cache_tag_array_TT_1p0V_25C_lib.db
  i_cache_tag_array_TT_1p0V_25C_lib (library)
                              /home/aiwan2/ece411_group/mp_ooo/sram/output/i_cache_tag_array/i_cache_tag_array_TT_1p0V_25C_lib.db
  pht_array_TT_1p0V_25C_lib (library)
                              /home/aiwan2/ece411_group/mp_ooo/sram/output/pht_array/pht_array_TT_1p0V_25C_lib.db
  mp_cache_tag_array_TT_1p0V_25C_lib (library)
                              /home/aiwan2/ece411_group/mp_ooo/sram/output/mp_cache_tag_array/mp_cache_tag_array_TT_1p0V_25C_lib.db

1
eval [getenv ECE411_COMPILE_CMD]
Information: Performing leakage power optimization. (PWR-850)
CPU Load: 60%, Ram Free: 2 GB, Swap Free: 7 GB, Work Disk Free: 21 GB, Tmp Disk Free: 7 GB
Alib files are up-to-date.
Information: Evaluating DesignWare library utilization. (UISN-27)

============================================================================
| DesignWare Building Block Library  |         Version         | Available |
============================================================================
| Basic DW Building Blocks           | W-2024.09-DWBB_202409.0 |     *     |
| Licensed DW Building Blocks        | W-2024.09-DWBB_202409.0 |     *     |
============================================================================

====================================================================================================
| Flow Information                                                                                 |
----------------------------------------------------------------------------------------------------
| Flow         | Design Compiler WLM                                                               |
| Command Line | compile_ultra -gate_clock                                                         |
====================================================================================================
| Design Information                                      | Value                                  |
====================================================================================================
| Number of Scenarios                                     | 0                                      |
| Leaf Cell Count                                         | 53579                                  |
| Number of User Hierarchies                              | 39                                     |
| Sequential Cell Count                                   | 31716                                  |
| Macro Count                                             | 0                                      |
| Number of Power Domains                                 | 0                                      |
| Number of Path Groups                                   | 2                                      |
| Number of VT Class                                      | 0                                      |
| Number of Clocks                                        | 1                                      |
| Number of Dont Touch Cells                              | 4455                                   |
| Number of Dont Touch Nets                               | 0                                      |
| Number of Size Only Cells                               | 0                                      |
| Design with UPF Data                                    | false                                  |
====================================================================================================
Information: Sequential output inversion is enabled.  SVF file must be used for formal verification. (OPT-1208)


Information: Uniquified 2 instances of design 'cacheline_adapter_i'. (OPT-1056)
Information: Uniquified 2 instances of design 'func_alu_i'. (OPT-1056)
Information: Uniquified 3 instances of design 'dp_ff_array_pht_v_S_INDEX10_WIDTH1'. (OPT-1056)
Information: Uniquified 8 instances of design 'sp_ff_array_S_INDEX4'. (OPT-1056)
Information: Uniquified 2 instances of design 'sp_ff_array_S_INDEX4_WIDTH1'. (OPT-1056)
Information: Uniquified 2 instances of design 'plru_replace_NUM_WAYS2'. (OPT-1056)
Information: Uniquified 2 instances of design 'plru_updater_NUM_WAYS2'. (OPT-1056)
  Simplifying Design 'cpu'
Information: Performing clock-gating with positive edge logic: 'integrated' and negative edge logic: 'or'. (PWR-1047)
Information: propagating constant for register ex_wb_reg_reg_instr_pkt__rob_idx__4_
Information: propagating constant for register ex_wb_reg_reg_instr_pkt__rob_idx__3_
Information: propagating constant for register ex_wb_reg_reg_instr_pkt__rob_idx__2_
Information: propagating constant for register ex_wb_reg_reg_instr_pkt__rob_idx__1_
Information: propagating constant for register ex_wb_reg_reg_instr_pkt__rob_idx__0_
Information: propagating constant for register ex_wb_reg_reg_instr_pkt__i_valid_
Information: propagating constant for register ex_wb_reg_reg_instr_pkt__i_addr_next__31_
Information: propagating constant for register ex_wb_reg_reg_instr_pkt__i_addr_next__30_
Information: propagating constant for register ex_wb_reg_reg_instr_pkt__i_addr_next__29_
Information: propagating constant for register ex_wb_reg_reg_instr_pkt__i_addr_next__28_
Information: propagating constant for register ex_wb_reg_reg_instr_pkt__i_addr_next__27_
Information: propagating constant for register ex_wb_reg_reg_instr_pkt__i_addr_next__26_
Information: propagating constant for register ex_wb_reg_reg_instr_pkt__i_addr_next__25_
Information: propagating constant for register ex_wb_reg_reg_instr_pkt__i_addr_next__24_
Information: propagating constant for register ex_wb_reg_reg_instr_pkt__i_addr_next__23_
Information: propagating constant for register ex_wb_reg_reg_instr_pkt__i_addr_next__22_
Information: propagating constant for register ex_wb_reg_reg_instr_pkt__i_addr_next__21_
Information: propagating constant for register ex_wb_reg_reg_instr_pkt__i_addr_next__20_
Information: propagating constant for register ex_wb_reg_reg_instr_pkt__i_addr_next__19_
Information: propagating constant for register ex_wb_reg_reg_instr_pkt__i_addr_next__18_
Information: propagating constant for register ex_wb_reg_reg_instr_pkt__i_addr_next__17_
Information: propagating constant for register ex_wb_reg_reg_instr_pkt__i_addr_next__16_
Information: propagating constant for register ex_wb_reg_reg_instr_pkt__i_addr_next__15_
Information: propagating constant for register ex_wb_reg_reg_instr_pkt__i_addr_next__14_
Information: propagating constant for register ex_wb_reg_reg_instr_pkt__i_addr_next__13_
Information: propagating constant for register ex_wb_reg_reg_instr_pkt__i_addr_next__12_
Information: propagating constant for register ex_wb_reg_reg_instr_pkt__i_addr_next__11_
Information: propagating constant for register ex_wb_reg_reg_instr_pkt__i_addr_next__10_
Information: propagating constant for register ex_wb_reg_reg_instr_pkt__i_addr_next__9_
Information: propagating constant for register ex_wb_reg_reg_instr_pkt__i_addr_next__8_
Information: propagating constant for register ex_wb_reg_reg_instr_pkt__i_addr_next__7_
Information: propagating constant for register ex_wb_reg_reg_instr_pkt__i_addr_next__6_
Information: propagating constant for register ex_wb_reg_reg_instr_pkt__i_addr_next__5_
Information: propagating constant for register ex_wb_reg_reg_instr_pkt__i_addr_next__4_
Information: propagating constant for register ex_wb_reg_reg_instr_pkt__i_addr_next__3_
Information: propagating constant for register ex_wb_reg_reg_instr_pkt__i_addr_next__2_
Information: propagating constant for register ex_wb_reg_reg_instr_pkt__i_addr_next__1_
Information: propagating constant for register ex_wb_reg_reg_instr_pkt__i_addr_next__0_
Information: propagating constant for register ex_wb_reg_reg_instr_pkt__func_unit__2_
Information: propagating constant for register ex_wb_reg_reg_instr_pkt__func_unit__1_
Information: propagating constant for register ex_wb_reg_reg_instr_pkt__func_unit__0_
Information: propagating constant for register ex_wb_reg_reg_instr_pkt__i_use_rd_
Information: propagating constant for register ex_wb_reg_reg_instr_pkt__br_en_
Information: propagating constant for register ex_wb_reg_reg_instr_pkt__br_result_
Information: propagating constant for register ex_wb_reg_reg_instr_pkt__rd_valid_
Information: propagating constant for register ex_wb_reg_reg_instr_pkt__rd_paddr__4_
Information: propagating constant for register ex_wb_reg_reg_instr_pkt__rd_paddr__3_
Information: propagating constant for register ex_wb_reg_reg_instr_pkt__rd_paddr__2_
Information: propagating constant for register ex_wb_reg_reg_instr_pkt__rd_paddr__1_
Information: propagating constant for register ex_wb_reg_reg_instr_pkt__rd_paddr__0_
Information: propagating constant for register ex_wb_reg_reg_instr_pkt__rd_data__31_
Information: propagating constant for register ex_wb_reg_reg_instr_pkt__rd_data__30_
Information: propagating constant for register ex_wb_reg_reg_instr_pkt__rd_data__29_
Information: propagating constant for register ex_wb_reg_reg_instr_pkt__rd_data__28_
Information: propagating constant for register ex_wb_reg_reg_instr_pkt__rd_data__27_
Information: propagating constant for register ex_wb_reg_reg_instr_pkt__rd_data__26_
Information: propagating constant for register ex_wb_reg_reg_instr_pkt__rd_data__25_
Information: propagating constant for register ex_wb_reg_reg_instr_pkt__rd_data__24_
Information: propagating constant for register ex_wb_reg_reg_instr_pkt__rd_data__23_
Information: propagating constant for register ex_wb_reg_reg_instr_pkt__rd_data__22_
Information: propagating constant for register ex_wb_reg_reg_instr_pkt__rd_data__21_
Information: propagating constant for register ex_wb_reg_reg_instr_pkt__rd_data__20_
Information: propagating constant for register ex_wb_reg_reg_instr_pkt__rd_data__19_
Information: propagating constant for register ex_wb_reg_reg_instr_pkt__rd_data__18_
Information: propagating constant for register ex_wb_reg_reg_instr_pkt__rd_data__17_
Information: propagating constant for register ex_wb_reg_reg_instr_pkt__rd_data__16_
Information: propagating constant for register ex_wb_reg_reg_instr_pkt__rd_data__15_
Information: propagating constant for register ex_wb_reg_reg_instr_pkt__rd_data__14_
Information: propagating constant for register ex_wb_reg_reg_instr_pkt__rd_data__13_
Information: propagating constant for register ex_wb_reg_reg_instr_pkt__rd_data__12_
Information: propagating constant for register ex_wb_reg_reg_instr_pkt__rd_data__11_
Information: propagating constant for register ex_wb_reg_reg_instr_pkt__rd_data__10_
Information: propagating constant for register ex_wb_reg_reg_instr_pkt__rd_data__9_
Information: propagating constant for register ex_wb_reg_reg_instr_pkt__rd_data__8_
Information: propagating constant for register ex_wb_reg_reg_instr_pkt__rd_data__7_
Information: propagating constant for register ex_wb_reg_reg_instr_pkt__rd_data__6_
Information: propagating constant for register ex_wb_reg_reg_instr_pkt__rd_data__5_
Information: propagating constant for register ex_wb_reg_reg_instr_pkt__rd_data__4_
Information: propagating constant for register ex_wb_reg_reg_instr_pkt__rd_data__3_
Information: propagating constant for register ex_wb_reg_reg_instr_pkt__rd_data__2_
Information: propagating constant for register ex_wb_reg_reg_instr_pkt__rd_data__1_
Information: propagating constant for register ex_wb_reg_reg_instr_pkt__rd_data__0_
Information: propagating constant for register ex_wb_reg_reg_instr_pkt__rs1_data__31_
Information: propagating constant for register ex_wb_reg_reg_instr_pkt__rs1_data__30_
Information: propagating constant for register ex_wb_reg_reg_instr_pkt__rs1_data__29_
Information: propagating constant for register ex_wb_reg_reg_instr_pkt__rs1_data__28_
Information: propagating constant for register ex_wb_reg_reg_instr_pkt__rs1_data__27_
Information: propagating constant for register ex_wb_reg_reg_instr_pkt__rs1_data__26_
Information: propagating constant for register ex_wb_reg_reg_instr_pkt__rs1_data__25_
Information: propagating constant for register ex_wb_reg_reg_instr_pkt__rs1_data__24_
Information: propagating constant for register ex_wb_reg_reg_instr_pkt__rs1_data__23_
Information: propagating constant for register ex_wb_reg_reg_instr_pkt__rs1_data__22_
Information: propagating constant for register ex_wb_reg_reg_instr_pkt__rs1_data__21_
Information: propagating constant for register ex_wb_reg_reg_instr_pkt__rs1_data__20_
Information: propagating constant for register ex_wb_reg_reg_instr_pkt__rs1_data__19_
Information: propagating constant for register ex_wb_reg_reg_instr_pkt__rs1_data__18_
Information: propagating constant for register ex_wb_reg_reg_instr_pkt__rs1_data__17_
Information: propagating constant for register ex_wb_reg_reg_instr_pkt__rs1_data__16_
Information: propagating constant for register ex_wb_reg_reg_instr_pkt__rs1_data__15_
Information: propagating constant for register ex_wb_reg_reg_instr_pkt__rs1_data__14_
Information: propagating constant for register ex_wb_reg_reg_instr_pkt__rs1_data__13_
Information: propagating constant for register ex_wb_reg_reg_instr_pkt__rs1_data__12_
Information: propagating constant for register ex_wb_reg_reg_instr_pkt__rs1_data__11_
Information: propagating constant for register ex_wb_reg_reg_instr_pkt__rs1_data__10_
Information: propagating constant for register ex_wb_reg_reg_instr_pkt__rs1_data__9_
Information: propagating constant for register ex_wb_reg_reg_instr_pkt__rs1_data__8_
Information: propagating constant for register ex_wb_reg_reg_instr_pkt__rs1_data__7_
Information: propagating constant for register ex_wb_reg_reg_instr_pkt__rs1_data__6_
Information: propagating constant for register ex_wb_reg_reg_instr_pkt__rs1_data__5_
Information: propagating constant for register ex_wb_reg_reg_instr_pkt__rs1_data__4_
Information: propagating constant for register ex_wb_reg_reg_instr_pkt__rs1_data__3_
Information: propagating constant for register ex_wb_reg_reg_instr_pkt__rs1_data__2_
Information: propagating constant for register ex_wb_reg_reg_instr_pkt__rs1_data__1_
Information: propagating constant for register ex_wb_reg_reg_instr_pkt__rs1_data__0_
Information: propagating constant for register ex_wb_reg_reg_instr_pkt__rs2_data__31_
Information: propagating constant for register ex_wb_reg_reg_instr_pkt__rs2_data__30_
Information: propagating constant for register ex_wb_reg_reg_instr_pkt__rs2_data__29_
Information: propagating constant for register ex_wb_reg_reg_instr_pkt__rs2_data__28_
Information: propagating constant for register ex_wb_reg_reg_instr_pkt__rs2_data__27_
Information: propagating constant for register ex_wb_reg_reg_instr_pkt__rs2_data__26_
Information: propagating constant for register ex_wb_reg_reg_instr_pkt__rs2_data__25_
Information: propagating constant for register ex_wb_reg_reg_instr_pkt__rs2_data__24_
Information: propagating constant for register ex_wb_reg_reg_instr_pkt__rs2_data__23_
Information: propagating constant for register ex_wb_reg_reg_instr_pkt__rs2_data__22_
Information: propagating constant for register ex_wb_reg_reg_instr_pkt__rs2_data__21_
Information: propagating constant for register ex_wb_reg_reg_instr_pkt__rs2_data__20_
Information: propagating constant for register ex_wb_reg_reg_instr_pkt__rs2_data__19_
Information: propagating constant for register ex_wb_reg_reg_instr_pkt__rs2_data__18_
Information: propagating constant for register ex_wb_reg_reg_instr_pkt__rs2_data__17_
Information: propagating constant for register ex_wb_reg_reg_instr_pkt__rs2_data__16_
Information: propagating constant for register ex_wb_reg_reg_instr_pkt__rs2_data__15_
Information: propagating constant for register ex_wb_reg_reg_instr_pkt__rs2_data__14_
Information: propagating constant for register ex_wb_reg_reg_instr_pkt__rs2_data__13_
Information: propagating constant for register ex_wb_reg_reg_instr_pkt__rs2_data__12_
Information: propagating constant for register ex_wb_reg_reg_instr_pkt__rs2_data__11_
Information: propagating constant for register ex_wb_reg_reg_instr_pkt__rs2_data__10_
Information: propagating constant for register ex_wb_reg_reg_instr_pkt__rs2_data__9_
Information: propagating constant for register ex_wb_reg_reg_instr_pkt__rs2_data__8_
Information: propagating constant for register ex_wb_reg_reg_instr_pkt__rs2_data__7_
Information: propagating constant for register ex_wb_reg_reg_instr_pkt__rs2_data__6_
Information: propagating constant for register ex_wb_reg_reg_instr_pkt__rs2_data__5_
Information: propagating constant for register ex_wb_reg_reg_instr_pkt__rs2_data__4_
Information: propagating constant for register ex_wb_reg_reg_instr_pkt__rs2_data__3_
Information: propagating constant for register ex_wb_reg_reg_instr_pkt__rs2_data__2_
Information: propagating constant for register ex_wb_reg_reg_instr_pkt__rs2_data__1_
Information: propagating constant for register ex_wb_reg_reg_instr_pkt__rs2_data__0_
Information: propagating constant for register ex_wb_reg_reg_data_pkt__d_mem_addr__31_
Information: propagating constant for register ex_wb_reg_reg_data_pkt__d_mem_addr__30_
Information: propagating constant for register ex_wb_reg_reg_data_pkt__d_mem_addr__29_
Information: propagating constant for register ex_wb_reg_reg_data_pkt__d_mem_addr__28_
Information: propagating constant for register ex_wb_reg_reg_data_pkt__d_mem_addr__27_
Information: propagating constant for register ex_wb_reg_reg_data_pkt__d_mem_addr__26_
Information: propagating constant for register ex_wb_reg_reg_data_pkt__d_mem_addr__25_
Information: propagating constant for register ex_wb_reg_reg_data_pkt__d_mem_addr__24_
Information: propagating constant for register ex_wb_reg_reg_data_pkt__d_mem_addr__23_
Information: propagating constant for register ex_wb_reg_reg_data_pkt__d_mem_addr__22_
Information: propagating constant for register ex_wb_reg_reg_data_pkt__d_mem_addr__21_
Information: propagating constant for register ex_wb_reg_reg_data_pkt__d_mem_addr__20_
Information: propagating constant for register ex_wb_reg_reg_data_pkt__d_mem_addr__19_
Information: propagating constant for register ex_wb_reg_reg_data_pkt__d_mem_addr__18_
Information: propagating constant for register ex_wb_reg_reg_data_pkt__d_mem_addr__17_
Information: propagating constant for register ex_wb_reg_reg_data_pkt__d_mem_addr__16_
Information: propagating constant for register ex_wb_reg_reg_data_pkt__d_mem_addr__15_
Information: propagating constant for register ex_wb_reg_reg_data_pkt__d_mem_addr__14_
Information: propagating constant for register ex_wb_reg_reg_data_pkt__d_mem_addr__13_
Information: propagating constant for register ex_wb_reg_reg_data_pkt__d_mem_addr__12_
Information: propagating constant for register ex_wb_reg_reg_data_pkt__d_mem_addr__11_
Information: propagating constant for register ex_wb_reg_reg_data_pkt__d_mem_addr__10_
Information: propagating constant for register ex_wb_reg_reg_data_pkt__d_mem_addr__9_
Information: propagating constant for register ex_wb_reg_reg_data_pkt__d_mem_addr__8_
Information: propagating constant for register ex_wb_reg_reg_data_pkt__d_mem_addr__7_
Information: propagating constant for register ex_wb_reg_reg_data_pkt__d_mem_addr__6_
Information: propagating constant for register ex_wb_reg_reg_data_pkt__d_mem_addr__5_
Information: propagating constant for register ex_wb_reg_reg_data_pkt__d_mem_addr__4_
Information: propagating constant for register ex_wb_reg_reg_data_pkt__d_mem_addr__3_
Information: propagating constant for register ex_wb_reg_reg_data_pkt__d_mem_addr__2_
Information: propagating constant for register ex_wb_reg_reg_data_pkt__d_mem_addr__1_
Information: propagating constant for register ex_wb_reg_reg_data_pkt__d_mem_addr__0_
Information: propagating constant for register ex_wb_reg_reg_data_pkt__d_mem_rmask__3_
Information: propagating constant for register ex_wb_reg_reg_data_pkt__d_mem_rmask__2_
Information: propagating constant for register ex_wb_reg_reg_data_pkt__d_mem_rmask__1_
Information: propagating constant for register ex_wb_reg_reg_data_pkt__d_mem_rmask__0_
Information: propagating constant for register ex_wb_reg_reg_data_pkt__d_mem_wmask__3_
Information: propagating constant for register ex_wb_reg_reg_data_pkt__d_mem_wmask__2_
Information: propagating constant for register ex_wb_reg_reg_data_pkt__d_mem_wmask__1_
Information: propagating constant for register ex_wb_reg_reg_data_pkt__d_mem_wmask__0_
Information: propagating constant for register ex_wb_reg_reg_data_pkt__d_mem_rdata__31_
Information: propagating constant for register ex_wb_reg_reg_data_pkt__d_mem_rdata__30_
Information: propagating constant for register ex_wb_reg_reg_data_pkt__d_mem_rdata__29_
Information: propagating constant for register ex_wb_reg_reg_data_pkt__d_mem_rdata__28_
Information: propagating constant for register ex_wb_reg_reg_data_pkt__d_mem_rdata__27_
Information: propagating constant for register ex_wb_reg_reg_data_pkt__d_mem_rdata__26_
Information: propagating constant for register ex_wb_reg_reg_data_pkt__d_mem_rdata__25_
Information: propagating constant for register ex_wb_reg_reg_data_pkt__d_mem_rdata__24_
Information: propagating constant for register ex_wb_reg_reg_data_pkt__d_mem_rdata__23_
Information: propagating constant for register ex_wb_reg_reg_data_pkt__d_mem_rdata__22_
Information: propagating constant for register ex_wb_reg_reg_data_pkt__d_mem_rdata__21_
Information: propagating constant for register ex_wb_reg_reg_data_pkt__d_mem_rdata__20_
Information: propagating constant for register ex_wb_reg_reg_data_pkt__d_mem_rdata__19_
Information: propagating constant for register ex_wb_reg_reg_data_pkt__d_mem_rdata__18_
Information: propagating constant for register ex_wb_reg_reg_data_pkt__d_mem_rdata__17_
Information: propagating constant for register ex_wb_reg_reg_data_pkt__d_mem_rdata__16_
Information: propagating constant for register ex_wb_reg_reg_data_pkt__d_mem_rdata__15_
Information: propagating constant for register ex_wb_reg_reg_data_pkt__d_mem_rdata__14_
Information: propagating constant for register ex_wb_reg_reg_data_pkt__d_mem_rdata__13_
Information: propagating constant for register ex_wb_reg_reg_data_pkt__d_mem_rdata__12_
Information: propagating constant for register ex_wb_reg_reg_data_pkt__d_mem_rdata__11_
Information: propagating constant for register ex_wb_reg_reg_data_pkt__d_mem_rdata__10_
Information: propagating constant for register ex_wb_reg_reg_data_pkt__d_mem_rdata__9_
Information: propagating constant for register ex_wb_reg_reg_data_pkt__d_mem_rdata__8_
Information: propagating constant for register ex_wb_reg_reg_data_pkt__d_mem_rdata__7_
Information: propagating constant for register ex_wb_reg_reg_data_pkt__d_mem_rdata__6_
Information: propagating constant for register ex_wb_reg_reg_data_pkt__d_mem_rdata__5_
Information: propagating constant for register ex_wb_reg_reg_data_pkt__d_mem_rdata__4_
Information: propagating constant for register ex_wb_reg_reg_data_pkt__d_mem_rdata__3_
Information: propagating constant for register ex_wb_reg_reg_data_pkt__d_mem_rdata__2_
Information: propagating constant for register ex_wb_reg_reg_data_pkt__d_mem_rdata__1_
Information: propagating constant for register ex_wb_reg_reg_data_pkt__d_mem_rdata__0_
Information: propagating constant for register ex_wb_reg_reg_data_pkt__d_mem_wdata__31_
Information: propagating constant for register ex_wb_reg_reg_data_pkt__d_mem_wdata__30_
Information: propagating constant for register ex_wb_reg_reg_data_pkt__d_mem_wdata__29_
Information: propagating constant for register ex_wb_reg_reg_data_pkt__d_mem_wdata__28_
Information: propagating constant for register ex_wb_reg_reg_data_pkt__d_mem_wdata__27_
Information: propagating constant for register ex_wb_reg_reg_data_pkt__d_mem_wdata__26_
Information: propagating constant for register ex_wb_reg_reg_data_pkt__d_mem_wdata__25_
Information: propagating constant for register ex_wb_reg_reg_data_pkt__d_mem_wdata__24_
Information: propagating constant for register ex_wb_reg_reg_data_pkt__d_mem_wdata__23_
Information: propagating constant for register ex_wb_reg_reg_data_pkt__d_mem_wdata__22_
Information: propagating constant for register ex_wb_reg_reg_data_pkt__d_mem_wdata__21_
Information: propagating constant for register ex_wb_reg_reg_data_pkt__d_mem_wdata__20_
Information: propagating constant for register ex_wb_reg_reg_data_pkt__d_mem_wdata__19_
Information: propagating constant for register ex_wb_reg_reg_data_pkt__d_mem_wdata__18_
Information: propagating constant for register ex_wb_reg_reg_data_pkt__d_mem_wdata__17_
Information: propagating constant for register ex_wb_reg_reg_data_pkt__d_mem_wdata__16_
Information: propagating constant for register ex_wb_reg_reg_data_pkt__d_mem_wdata__15_
Information: propagating constant for register ex_wb_reg_reg_data_pkt__d_mem_wdata__14_
Information: propagating constant for register ex_wb_reg_reg_data_pkt__d_mem_wdata__13_
Information: propagating constant for register ex_wb_reg_reg_data_pkt__d_mem_wdata__12_
Information: propagating constant for register ex_wb_reg_reg_data_pkt__d_mem_wdata__11_
Information: propagating constant for register ex_wb_reg_reg_data_pkt__d_mem_wdata__10_
Information: propagating constant for register ex_wb_reg_reg_data_pkt__d_mem_wdata__9_
Information: propagating constant for register ex_wb_reg_reg_data_pkt__d_mem_wdata__8_
Information: propagating constant for register ex_wb_reg_reg_data_pkt__d_mem_wdata__7_
Information: propagating constant for register ex_wb_reg_reg_data_pkt__d_mem_wdata__6_
Information: propagating constant for register ex_wb_reg_reg_data_pkt__d_mem_wdata__5_
Information: propagating constant for register ex_wb_reg_reg_data_pkt__d_mem_wdata__4_
Information: propagating constant for register ex_wb_reg_reg_data_pkt__d_mem_wdata__3_
Information: propagating constant for register ex_wb_reg_reg_data_pkt__d_mem_wdata__2_
Information: propagating constant for register ex_wb_reg_reg_data_pkt__d_mem_wdata__1_
Information: propagating constant for register ex_wb_reg_reg_data_pkt__d_mem_wdata__0_
Information: propagating constant for register ex_wb_reg_reg_data_pkt__mem_shift__1_
Information: propagating constant for register ex_wb_reg_reg_data_pkt__mem_shift__0_
Information: propagating constant for register ex_wb_reg_reg_data_pkt__store_busy_
Information: propagating constant for register wb_cm_reg_reg_instr_pkt__order__63_
Information: propagating constant for register wb_cm_reg_reg_instr_pkt__order__62_
Information: propagating constant for register wb_cm_reg_reg_instr_pkt__order__61_
Information: propagating constant for register wb_cm_reg_reg_instr_pkt__order__60_
Information: propagating constant for register wb_cm_reg_reg_instr_pkt__order__59_
Information: propagating constant for register wb_cm_reg_reg_instr_pkt__order__58_
Information: propagating constant for register wb_cm_reg_reg_instr_pkt__order__57_
Information: propagating constant for register wb_cm_reg_reg_instr_pkt__order__56_
Information: propagating constant for register wb_cm_reg_reg_instr_pkt__order__55_
Information: propagating constant for register wb_cm_reg_reg_instr_pkt__order__54_
Information: propagating constant for register wb_cm_reg_reg_instr_pkt__order__53_
Information: propagating constant for register wb_cm_reg_reg_instr_pkt__order__52_
Information: propagating constant for register wb_cm_reg_reg_instr_pkt__order__51_
Information: propagating constant for register wb_cm_reg_reg_instr_pkt__order__50_
Information: propagating constant for register wb_cm_reg_reg_instr_pkt__order__49_
Information: propagating constant for register wb_cm_reg_reg_instr_pkt__order__48_
Information: propagating constant for register wb_cm_reg_reg_instr_pkt__order__47_
Information: propagating constant for register wb_cm_reg_reg_instr_pkt__order__46_
Information: propagating constant for register wb_cm_reg_reg_instr_pkt__order__45_
Information: propagating constant for register wb_cm_reg_reg_instr_pkt__order__44_
Information: propagating constant for register wb_cm_reg_reg_instr_pkt__order__43_
Information: propagating constant for register wb_cm_reg_reg_instr_pkt__order__42_
Information: propagating constant for register wb_cm_reg_reg_instr_pkt__order__41_
Information: propagating constant for register wb_cm_reg_reg_instr_pkt__order__40_
Information: propagating constant for register wb_cm_reg_reg_instr_pkt__order__39_
Information: propagating constant for register wb_cm_reg_reg_instr_pkt__order__38_
Information: propagating constant for register wb_cm_reg_reg_instr_pkt__order__37_
Information: propagating constant for register wb_cm_reg_reg_instr_pkt__order__36_
Information: propagating constant for register wb_cm_reg_reg_instr_pkt__order__35_
Information: propagating constant for register wb_cm_reg_reg_instr_pkt__order__34_
Information: propagating constant for register wb_cm_reg_reg_instr_pkt__order__33_
Information: propagating constant for register wb_cm_reg_reg_instr_pkt__order__32_
Information: propagating constant for register wb_cm_reg_reg_instr_pkt__order__31_
Information: propagating constant for register wb_cm_reg_reg_instr_pkt__order__30_
Information: propagating constant for register wb_cm_reg_reg_instr_pkt__order__29_
Information: propagating constant for register wb_cm_reg_reg_instr_pkt__order__28_
Information: propagating constant for register wb_cm_reg_reg_instr_pkt__order__27_
Information: propagating constant for register wb_cm_reg_reg_instr_pkt__order__26_
Information: propagating constant for register wb_cm_reg_reg_instr_pkt__order__25_
Information: propagating constant for register wb_cm_reg_reg_instr_pkt__order__24_
Information: propagating constant for register wb_cm_reg_reg_instr_pkt__order__23_
Information: propagating constant for register wb_cm_reg_reg_instr_pkt__order__22_
Information: propagating constant for register wb_cm_reg_reg_instr_pkt__order__21_
Information: propagating constant for register wb_cm_reg_reg_instr_pkt__order__20_
Information: propagating constant for register wb_cm_reg_reg_instr_pkt__order__19_
Information: propagating constant for register wb_cm_reg_reg_instr_pkt__order__18_
Information: propagating constant for register wb_cm_reg_reg_instr_pkt__order__17_
Information: propagating constant for register wb_cm_reg_reg_instr_pkt__order__16_
Information: propagating constant for register wb_cm_reg_reg_instr_pkt__order__15_
Information: propagating constant for register wb_cm_reg_reg_instr_pkt__order__14_
Information: propagating constant for register wb_cm_reg_reg_instr_pkt__order__13_
Information: propagating constant for register wb_cm_reg_reg_instr_pkt__order__12_
Information: propagating constant for register wb_cm_reg_reg_instr_pkt__order__11_
Information: propagating constant for register wb_cm_reg_reg_instr_pkt__order__10_
Information: propagating constant for register wb_cm_reg_reg_instr_pkt__order__9_
Information: propagating constant for register wb_cm_reg_reg_instr_pkt__order__8_
Information: propagating constant for register wb_cm_reg_reg_instr_pkt__order__7_
Information: propagating constant for register wb_cm_reg_reg_instr_pkt__order__6_
Information: propagating constant for register wb_cm_reg_reg_instr_pkt__order__5_
Information: propagating constant for register wb_cm_reg_reg_instr_pkt__order__4_
Information: propagating constant for register wb_cm_reg_reg_instr_pkt__order__3_
Information: propagating constant for register wb_cm_reg_reg_instr_pkt__order__2_
Information: propagating constant for register wb_cm_reg_reg_instr_pkt__order__1_
Information: propagating constant for register wb_cm_reg_reg_instr_pkt__order__0_
Information: propagating constant for register wb_cm_reg_reg_instr_pkt__i_valid_
Information: propagating constant for register wb_cm_reg_reg_instr_pkt__i_addr__11_
Information: propagating constant for register wb_cm_reg_reg_instr_pkt__i_addr__10_
Information: propagating constant for register wb_cm_reg_reg_instr_pkt__i_addr__9_
Information: propagating constant for register wb_cm_reg_reg_instr_pkt__i_addr__8_
Information: propagating constant for register wb_cm_reg_reg_instr_pkt__i_addr__7_
Information: propagating constant for register wb_cm_reg_reg_instr_pkt__i_addr__6_
Information: propagating constant for register wb_cm_reg_reg_instr_pkt__i_addr__5_
Information: propagating constant for register wb_cm_reg_reg_instr_pkt__i_addr__4_
Information: propagating constant for register wb_cm_reg_reg_instr_pkt__i_addr__3_
Information: propagating constant for register wb_cm_reg_reg_instr_pkt__i_addr__2_
Information: propagating constant for register wb_cm_reg_reg_instr_pkt__i_addr_next__31_
Information: propagating constant for register wb_cm_reg_reg_instr_pkt__i_addr_next__30_
Information: propagating constant for register wb_cm_reg_reg_instr_pkt__i_addr_next__29_
Information: propagating constant for register wb_cm_reg_reg_instr_pkt__i_addr_next__28_
Information: propagating constant for register wb_cm_reg_reg_instr_pkt__i_addr_next__27_
Information: propagating constant for register wb_cm_reg_reg_instr_pkt__i_addr_next__26_
Information: propagating constant for register wb_cm_reg_reg_instr_pkt__i_addr_next__25_
Information: propagating constant for register wb_cm_reg_reg_instr_pkt__i_addr_next__24_
Information: propagating constant for register wb_cm_reg_reg_instr_pkt__i_addr_next__23_
Information: propagating constant for register wb_cm_reg_reg_instr_pkt__i_addr_next__22_
Information: propagating constant for register wb_cm_reg_reg_instr_pkt__i_addr_next__21_
Information: propagating constant for register wb_cm_reg_reg_instr_pkt__i_addr_next__20_
Information: propagating constant for register wb_cm_reg_reg_instr_pkt__i_addr_next__19_
Information: propagating constant for register wb_cm_reg_reg_instr_pkt__i_addr_next__18_
Information: propagating constant for register wb_cm_reg_reg_instr_pkt__i_addr_next__17_
Information: propagating constant for register wb_cm_reg_reg_instr_pkt__i_addr_next__16_
Information: propagating constant for register wb_cm_reg_reg_instr_pkt__i_addr_next__15_
Information: propagating constant for register wb_cm_reg_reg_instr_pkt__i_addr_next__14_
Information: propagating constant for register wb_cm_reg_reg_instr_pkt__i_addr_next__13_
Information: propagating constant for register wb_cm_reg_reg_instr_pkt__i_addr_next__12_
Information: propagating constant for register wb_cm_reg_reg_instr_pkt__i_addr_next__11_
Information: propagating constant for register wb_cm_reg_reg_instr_pkt__i_addr_next__10_
Information: propagating constant for register wb_cm_reg_reg_instr_pkt__i_addr_next__9_
Information: propagating constant for register wb_cm_reg_reg_instr_pkt__i_addr_next__8_
Information: propagating constant for register wb_cm_reg_reg_instr_pkt__i_addr_next__7_
Information: propagating constant for register wb_cm_reg_reg_instr_pkt__i_addr_next__6_
Information: propagating constant for register wb_cm_reg_reg_instr_pkt__i_addr_next__5_
Information: propagating constant for register wb_cm_reg_reg_instr_pkt__i_addr_next__4_
Information: propagating constant for register wb_cm_reg_reg_instr_pkt__i_addr_next__3_
Information: propagating constant for register wb_cm_reg_reg_instr_pkt__i_addr_next__2_
Information: propagating constant for register wb_cm_reg_reg_instr_pkt__i_addr_next__1_
Information: propagating constant for register wb_cm_reg_reg_instr_pkt__i_addr_next__0_
Information: propagating constant for register wb_cm_reg_reg_instr_pkt__i_use_rd_
Information: propagating constant for register wb_cm_reg_reg_instr_pkt__func_unit__2_
Information: propagating constant for register wb_cm_reg_reg_instr_pkt__func_unit__1_
Information: propagating constant for register wb_cm_reg_reg_instr_pkt__func_unit__0_
Information: propagating constant for register wb_cm_reg_reg_instr_pkt__br_en_
Information: propagating constant for register wb_cm_reg_reg_instr_pkt__br_pred_
Information: propagating constant for register wb_cm_reg_reg_instr_pkt__br_result_
Information: propagating constant for register wb_cm_reg_reg_instr_pkt__br_pht_gs_cntr__1_
Information: propagating constant for register wb_cm_reg_reg_instr_pkt__br_pht_gs_cntr__0_
Information: propagating constant for register wb_cm_reg_reg_instr_pkt__br_pht_bi_cntr__1_
Information: propagating constant for register wb_cm_reg_reg_instr_pkt__br_pht_bi_cntr__0_
Information: propagating constant for register wb_cm_reg_reg_instr_pkt__br_model_cntr__1_
Information: propagating constant for register wb_cm_reg_reg_instr_pkt__br_model_cntr__0_
Information: propagating constant for register wb_cm_reg_reg_instr_pkt__i_is_jump_

Loaded alib file '/class/ece411/freepdk-45nm/alib/alib-52/stdcells.db.alib'
Module: DW01_NAND2, Ports: 3, Input: 2, Output: 1, Inout: 0
Module: DW01_NAND2, Registers: 0, Async set/reset: 0, Sync set/reset: 0
  Building model 'DW01_NAND2'
Information: Ungrouping 23 of 367 hierarchies before Pass 1 (OPT-775)
CPU Load: 61%, Ram Free: 2 GB, Swap Free: 7 GB, Work Disk Free: 21 GB, Tmp Disk Free: 7 GB
Information: State dependent leakage is now switched from on to off.

  Beginning Pass 1 Mapping
  ------------------------
  Processing 'queue_rob_WIDTH422_DEPTH32'
Information: Added key list 'DesignWare' to design 'queue_rob_WIDTH422_DEPTH32'. (DDB-72)
 Implement Synthetic for 'queue_rob_WIDTH422_DEPTH32'.
  Processing 'iss_stage_i'
Information: Added key list 'DesignWare' to design 'iss_stage_i'. (DDB-72)
  Processing 'cpu'
Information: Added key list 'DesignWare' to design 'cpu'. (DDB-72)
 Implement Synthetic for 'cpu'.
  Processing 'queue_sync_i_WIDTH129_DEPTH16'
Information: Added key list 'DesignWare' to design 'queue_sync_i_WIDTH129_DEPTH16'. (DDB-72)
 Implement Synthetic for 'queue_sync_i_WIDTH129_DEPTH16'.
  Processing 'cache_arbiter_i'
Information: Added key list 'DesignWare' to design 'cache_arbiter_i'. (DDB-72)
 Implement Synthetic for 'cache_arbiter_i'.
  Processing 'ex_stage_i'
Information: Added key list 'DesignWare' to design 'ex_stage_i'. (DDB-72)
 Implement Synthetic for 'ex_stage_i'.
Module: DW_div_pipe_a_width33_b_width33_tc_mode1_rem_mode1_num_stages13_stall_mode0_rst_mode0_op_iso_mode0, Ports: 136, Input: 69, Output: 67, Inout: 0
Module: DW_div_pipe_a_width33_b_width33_tc_mode1_rem_mode1_num_stages13_stall_mode0_rst_mode0_op_iso_mode0, Registers: 792, Async set/reset: 0, Sync set/reset: 0
Module: DW_div_a_width33_b_width33_tc_mode1_rem_mode1, Ports: 133, Input: 66, Output: 67, Inout: 0
Module: DW_div_a_width33_b_width33_tc_mode1_rem_mode1, Registers: 0, Async set/reset: 0, Sync set/reset: 0
Module: DW01_absval_width33, Ports: 66, Input: 33, Output: 33, Inout: 0
Module: DW01_absval_width33, Registers: 0, Async set/reset: 0, Sync set/reset: 0
Module: DW01_inc_width33, Ports: 66, Input: 33, Output: 33, Inout: 0
Module: DW01_inc_width33, Registers: 0, Async set/reset: 0, Sync set/reset: 0
  Processing 'ex_stage_i_DW_div_J6_0'
  Processing 'ex_stage_i_DW01_absval_J6_0'
  Processing 'ex_stage_i_DW01_inc_J6_0'
Module: DW_mult_pipe_a_width33_b_width33_num_stages5_stall_mode0_rst_mode0_op_iso_mode0, Ports: 136, Input: 70, Output: 66, Inout: 0
Module: DW_mult_pipe_a_width33_b_width33_num_stages5_stall_mode0_rst_mode0_op_iso_mode0, Registers: 268, Async set/reset: 0, Sync set/reset: 0
  Processing 'ex_stage_i_DW_mult_pipe_J6_0'
  Processing 'cache'
Information: Added key list 'DesignWare' to design 'cache'. (DDB-72)
  Processing 'cache_inst'
Information: Added key list 'DesignWare' to design 'cache_inst'. (DDB-72)
  Processing 'wb_stage_i'
Information: Added key list 'DesignWare' to design 'wb_stage_i'. (DDB-72)
  Processing 'dp_ff_array_pht_v_S_INDEX10_WIDTH1_0'
  Processing 'queue_inverted_i_WIDTH5_DEPTH32'
Information: Added key list 'DesignWare' to design 'queue_inverted_i_WIDTH5_DEPTH32'. (DDB-72)
 Implement Synthetic for 'queue_inverted_i_WIDTH5_DEPTH32'.
  Processing 'cacheline_adapter_i_0'
  Processing 'cacheline_adapter_i_1'
  Processing 'br_predictor_i'
Information: Added key list 'DesignWare' to design 'br_predictor_i'. (DDB-72)
 Implement Synthetic for 'br_predictor_i'.
  Processing 'if_stage_i'
  Processing 'SNPS_CLOCK_GATE_HIGH_cpu_0'
  Mapping integrated clock gating circuitry
  Processing 'SNPS_CLOCK_GATE_HIGH_pf_adapter_i_0'
  Mapping integrated clock gating circuitry
  Processing 'SNPS_CLOCK_GATE_HIGH_cache_arbiter_i_0'
  Mapping integrated clock gating circuitry
  Processing 'SNPS_CLOCK_GATE_HIGH_sp_ff_array_S_INDEX4_0_0'
  Mapping integrated clock gating circuitry
  Processing 'SNPS_CLOCK_GATE_HIGH_sp_ff_array_S_INDEX4_1_0'
  Mapping integrated clock gating circuitry
  Processing 'SNPS_CLOCK_GATE_HIGH_sp_ff_array_S_INDEX4_WIDTH1_0_0'
  Mapping integrated clock gating circuitry
  Processing 'SNPS_CLOCK_GATE_HIGH_cache'
  Mapping integrated clock gating circuitry
  Processing 'SNPS_CLOCK_GATE_HIGH_cacheline_adapter_i_0_0'
  Mapping integrated clock gating circuitry
  Processing 'SNPS_CLOCK_GATE_HIGH_cache_inst'
  Mapping integrated clock gating circuitry
  Processing 'SNPS_CLOCK_GATE_HIGH_cacheline_adapter_i_1_0'
  Mapping integrated clock gating circuitry
  Processing 'SNPS_CLOCK_GATE_HIGH_queue_inverted_i_WIDTH5_DEPTH32_0'
  Mapping integrated clock gating circuitry
  Processing 'SNPS_CLOCK_GATE_HIGH_br_predictor_i_0'
  Mapping integrated clock gating circuitry
  Processing 'SNPS_CLOCK_GATE_HIGH_dp_ff_array_pht_v_S_INDEX10_WIDTH1_0_0'
  Mapping integrated clock gating circuitry
  Processing 'SNPS_CLOCK_GATE_HIGH_wb_stage_i'
  Mapping integrated clock gating circuitry
  Processing 'SNPS_CLOCK_GATE_HIGH_queue_rob_WIDTH422_DEPTH32_0'
  Mapping integrated clock gating circuitry
  Processing 'SNPS_CLOCK_GATE_HIGH_iss_stage_i_0'
  Mapping integrated clock gating circuitry
  Processing 'SNPS_CLOCK_GATE_HIGH_if_stage_i'
  Mapping integrated clock gating circuitry
  Processing 'SNPS_CLOCK_GATE_HIGH_queue_sync_i_WIDTH129_DEPTH16_0'
  Mapping integrated clock gating circuitry
CPU Load: 119%, Ram Free: 1 GB, Swap Free: 7 GB, Work Disk Free: 21 GB, Tmp Disk Free: 7 GB

  Updating timing information
Information: Updating design information... (UID-85)
CGOPT MAP DEBUG: cgopt_ctxt.target_lib refresh required directly after link: FALSE

                                  TOTAL                                                            
   ELAPSED            WORST NEG   SETUP    DESIGN                              LEAKAGE   MIN DELAY 
    TIME      AREA      SLACK     COST    RULE COST         ENDPOINT            POWER      COST    
  --------- --------- --------- --------- --------- ------------------------- --------- -----------
    0:11:33  378896.2   5208.07 65520264.0 104581649.8                           5813540.5000      0.00  
    0:11:33  378896.2   5208.07 65520264.0 104581649.8                           5813540.5000      0.00  

  Beginning Mapping Optimizations  (Ultra High effort)
  -------------------------------
Information: Ungrouping hierarchy if_stage 'if_stage_i' #insts = 653. (OPT-777)
Information: Ungrouping hierarchy wb_stage 'wb_stage_i' #insts = 1014. (OPT-777)
Information: Ungrouping hierarchy br_predictor 'br_predictor_i' #insts = 805. (OPT-777)
Information: Ungrouping hierarchy cacheline_adapter_inst 'cacheline_adapter_i_1' #insts = 647. (OPT-777)
Information: Ungrouping hierarchy cacheline_adapter_data 'cacheline_adapter_i_0' #insts = 836. (OPT-777)
Information: Ungrouping hierarchy br_predictor/pht_valid_array 'dp_ff_array_pht_v_S_INDEX10_WIDTH1_2' #insts = 3273. (OPT-777)
Information: Ungrouping hierarchy br_predictor/bimodal_pht_valid_array 'dp_ff_array_pht_v_S_INDEX10_WIDTH1_1' #insts = 3273. (OPT-777)
Information: Ungrouping hierarchy br_predictor/br_pred_scheme_valid_array 'dp_ff_array_pht_v_S_INDEX10_WIDTH1_0' #insts = 3272. (OPT-777)
Module: DW_div_a_width33_b_width33_tc_mode1_rem_mode1, Ports: 133, Input: 66, Output: 67, Inout: 0
Module: DW_div_a_width33_b_width33_tc_mode1_rem_mode1, Registers: 0, Async set/reset: 0, Sync set/reset: 0
Module: DW01_absval_width33, Ports: 66, Input: 33, Output: 33, Inout: 0
Module: DW01_absval_width33, Registers: 0, Async set/reset: 0, Sync set/reset: 0
Module: DW01_inc_width33, Ports: 66, Input: 33, Output: 33, Inout: 0
Module: DW01_inc_width33, Registers: 0, Async set/reset: 0, Sync set/reset: 0
  Structuring 'ex_stage_i_DW_div_0'
  Mapping 'ex_stage_i_DW_div_0'
Module: DW_div_a_width33_b_width33_tc_mode1_rem_mode1, Ports: 133, Input: 66, Output: 67, Inout: 0
Module: DW_div_a_width33_b_width33_tc_mode1_rem_mode1, Registers: 0, Async set/reset: 0, Sync set/reset: 0
Module: DW01_absval_width33, Ports: 66, Input: 33, Output: 33, Inout: 0
Module: DW01_absval_width33, Registers: 0, Async set/reset: 0, Sync set/reset: 0
  Structuring 'ex_stage_i_DW_div_1'
  Mapping 'ex_stage_i_DW_div_1'
Module: DW_div_a_width33_b_width33_tc_mode1_rem_mode1, Ports: 133, Input: 66, Output: 67, Inout: 0
Module: DW_div_a_width33_b_width33_tc_mode1_rem_mode1, Registers: 0, Async set/reset: 0, Sync set/reset: 0
Module: DW01_absval_width33, Ports: 66, Input: 33, Output: 33, Inout: 0
Module: DW01_absval_width33, Registers: 0, Async set/reset: 0, Sync set/reset: 0
  Structuring 'ex_stage_i_DW_div_2'
  Mapping 'ex_stage_i_DW_div_2'
Module: DW01_absval_width33, Ports: 66, Input: 33, Output: 33, Inout: 0
Module: DW01_absval_width33, Registers: 0, Async set/reset: 0, Sync set/reset: 0
  Structuring 'ex_stage_i_DW01_absval_0'
  Mapping 'ex_stage_i_DW01_absval_0'
  Structuring 'ex_stage_i_DW01_inc_0'
  Mapping 'ex_stage_i_DW01_inc_0'
  Mapping 'ex_stage_i_DW01_add_3'
  Mapping 'DW01_add'
  Mapping 'DW01_add'
  Mapping 'DW01_add'
  Mapping 'DW01_add'
  Mapping 'DW01_add'
  Mapping 'DW01_add'
  Mapping 'ex_stage_i_DW01_add_4'
  Mapping 'ex_stage_i_DW01_add_5'
  Mapping 'ex_stage_i_DW01_add_6'
  Mapping 'ex_stage_i_DW01_add_7'
  Mapping 'ex_stage_i_DW01_add_8'
  Mapping 'ex_stage_i_DW01_add_9'
  Mapping 'ex_stage_i_DW01_add_10'
  Mapping 'ex_stage_i_DW01_add_11'
  Mapping 'ex_stage_i_DW01_add_12'
  Mapping 'ex_stage_i_DW01_add_13'
  Mapping 'ex_stage_i_DW01_add_14'
  Mapping 'ex_stage_i_DW01_add_15'
  Mapping 'ex_stage_i_DW01_add_16'
  Mapping 'ex_stage_i_DW01_add_17'
  Mapping 'ex_stage_i_DW01_add_18'
  Mapping 'ex_stage_i_DW01_add_19'
  Mapping 'ex_stage_i_DW01_add_20'
  Mapping 'ex_stage_i_DW01_add_21'
  Mapping 'ex_stage_i_DW01_add_22'
  Mapping 'ex_stage_i_DW01_add_23'
  Mapping 'ex_stage_i_DW01_add_24'
  Mapping 'ex_stage_i_DW01_add_25'
  Mapping 'ex_stage_i_DW01_add_26'
  Mapping 'ex_stage_i_DW01_add_27'
  Mapping 'ex_stage_i_DW01_add_28'
  Mapping 'ex_stage_i_DW01_add_29'
  Mapping 'ex_stage_i_DW01_add_30'
  Mapping 'ex_stage_i_DW01_add_31'
  Mapping 'ex_stage_i_DW01_add_32'
  Mapping 'ex_stage_i_DW01_add_33'
  Mapping 'ex_stage_i_DW01_add_34'
  Mapping 'ex_stage_i_DW01_add_35'
  Mapping 'ex_stage_i_DW01_add_36'
  Mapping 'ex_stage_i_DW01_add_37'
  Mapping 'ex_stage_i_DW01_add_38'
  Mapping 'ex_stage_i_DW01_add_39'
  Mapping 'ex_stage_i_DW01_add_40'
  Mapping 'ex_stage_i_DW01_add_41'
  Mapping 'ex_stage_i_DW01_add_42'
  Mapping 'ex_stage_i_DW01_add_43'
  Mapping 'ex_stage_i_DW01_add_44'
  Mapping 'ex_stage_i_DW01_add_45'
  Mapping 'ex_stage_i_DW_inc_0'
  Mapping 'ex_stage_i_DW_inc_1'
  Mapping 'ex_stage_i_DW_div_2'
Information: Checking pipeline property of cell ex_stage/div_ex/DIV_Y (design ex_stage_i_DW_div_pipe_J6_0). (RTDC-137)
Information: cell ex_stage/div_ex/DIV_Y (design ex_stage_i_DW_div_pipe_J6_0) is a pipeline. (RTDC-139)
Information: Checking pipeline property of cell ex_stage/mult_ex/U1 (design ex_stage_i_DW_mult_pipe_J6_0). (RTDC-137)
Information: cell ex_stage/mult_ex/U1 (design ex_stage_i_DW_mult_pipe_J6_0) is a pipeline. (RTDC-139)
  Retiming ex_stage_i_DW_div_pipe_J6_0 (ex_stage/div_ex/DIV_Y)
  Preferred flip-flop is DFFS_X1 with setup = 0.04


  Retiming base-clock my_clk, rising edge.
  Beginning minimum period retiming ...
  ... minimum period retiming done.
  Beginning minimum area retiming step 1 ...
  ... minimum area retiming step 1 done.
  Beginning minimum area retiming step 2 ...
  5% 10% 15% 20% 25% 30% 35% 40% 45% 50% 55% 60% 65% 70% 75% 80% 85% 90% 95% 100% 
  ... minimum area retiming step 2 done.
  Beginning minimum area retiming step 3 ...
  10% 20% 30% 40% 50% 60% 70% 80% 90% 100% 
  ... minimum area retiming step 3 done.
  Beginning final register move ...
  ... final register move done.
  Lower bound estimate = 4.87
  Critical path length = 4.87
  Clock correction = 0.12 (clock-to-Q delay = 0.09, setup = 0.04, uncertainty = 0.00)
  Retiming ex_stage_i_DW_mult_pipe_J6_0 (ex_stage/mult_ex/U1)
  Preferred flip-flop is DFFS_X1 with setup = 0.04


  Retiming base-clock my_clk, rising edge.
  Beginning minimum period retiming ...
  ... minimum period retiming done.
  Beginning minimum area retiming step 1 ...
  ... minimum area retiming step 1 done.
  Beginning minimum area retiming step 2 ...
  5% 10% 15% 20% 25% 30% 35% 40% 45% 50% 55% 60% 65% 70% 75% 80% 85% 90% 95% 100% 
  ... minimum area retiming step 2 done.
  Beginning minimum area retiming step 3 ...
  10% 20% 30% 40% 50% 60% 70% ... 100% 
  ... minimum area retiming step 3 done.
  Beginning final register move ...
  ... final register move done.
  Lower bound estimate = 4.86
  Critical path length = 4.86
  Clock correction = 0.12 (clock-to-Q delay = 0.09, setup = 0.04, uncertainty = 0.00)
  Mapping Optimization (Phase 1)
Information: Removing redundant clock gate 'clk_gate_iss_ex_mult_reg_reg_v_'. (PWR-477)
Information: Removing redundant clock gate 'cache_arbiter/clk_gate_pf_reg_31_'. (PWR-477)
Information: Removing redundant clock gate 'clk_gate_iss_ex_mult_reg_reg_v_'. (PWR-477)
Information: Removing redundant clock gate 'cache_arbiter/clk_gate_pf_reg_31_'. (PWR-477)

                                  TOTAL                                                            
   ELAPSED            WORST NEG   SETUP    DESIGN                              LEAKAGE   MIN DELAY 
    TIME      AREA      SLACK     COST    RULE COST         ENDPOINT            POWER      COST    
  --------- --------- --------- --------- --------- ------------------------- --------- -----------
    0:17:57  650091.2      0.00       0.0    7503.1                           20472274.0000      0.00  
    0:18:11  649909.8      0.12     241.0   10021.0                           20466670.0000      0.00  

  Beginning Constant Register Removal
  -----------------------------------
    0:18:32  650091.2      0.12     241.0   10021.0                           20476258.0000      0.00  
    0:18:46  650091.2      0.12     241.0   10021.0                           20476258.0000      0.00  

  Beginning Global Optimizations
  ------------------------------
  Numerical Synthesis (Phase 1)
  Numerical Synthesis (Phase 2)
  Global Optimization (Phase 1)
  Global Optimization (Phase 2)
  Global Optimization (Phase 3)
  Global Optimization (Phase 4)
  Global Optimization (Phase 5)
  Global Optimization (Phase 6)
  Global Optimization (Phase 7)
  Global Optimization (Phase 8)
  Global Optimization (Phase 9)
  Global Optimization (Phase 10)
  Global Optimization (Phase 11)
  Global Optimization (Phase 12)
  Global Optimization (Phase 13)
  Global Optimization (Phase 14)
  Global Optimization (Phase 15)
  Global Optimization (Phase 16)
  Global Optimization (Phase 17)
  Global Optimization (Phase 18)
  Global Optimization (Phase 19)
  Global Optimization (Phase 20)
  Global Optimization (Phase 21)
  Global Optimization (Phase 22)
  Global Optimization (Phase 23)
  Global Optimization (Phase 24)
  Global Optimization (Phase 25)
  Global Optimization (Phase 26)
  Global Optimization (Phase 27)
  Global Optimization (Phase 28)
  Global Optimization (Phase 29)
  Global Optimization (Phase 30)
  Global Optimization (Phase 31)
  Global Optimization (Phase 32)

  Beginning Isolate Ports
  -----------------------

  Beginning Delay Optimization
  ----------------------------
    0:20:58  374795.0      0.00       0.0    4609.7                           5911870.0000      0.00  
    0:20:58  374795.0      0.00       0.0    4609.7                           5911870.0000      0.00  
    0:20:58  374795.0      0.00       0.0    4609.7                           5911870.0000      0.00  
    0:22:25  366260.1      0.00       0.0    4645.6                           5960407.5000      0.00  
    0:23:03  365056.2      0.00       0.0    8431.4                           5947537.0000      0.00  
    0:23:19  364022.8      0.00       0.0    8431.4                           5925430.5000      0.00  

  Beginning WLM Backend Optimization
  --------------------------------------
    0:24:01  309121.5      0.00       0.0    8146.4                           4807542.5000      0.00  
    0:24:23  307960.9      0.00       0.0    8129.0                           4769308.0000      0.00  
    0:25:13  305908.2      0.00       0.0    8129.0                           4689282.0000      0.00  
    0:25:22  305417.7      0.00       0.0    8112.9                           4669929.5000      0.00  
    0:25:30  304433.7      0.00       0.0    7959.3                           4629300.5000      0.00  
    0:25:32  304232.4      0.00       0.0    7894.6                           4621124.5000      0.00  
    0:25:33  304232.4      0.00       0.0    7894.6                           4621124.5000      0.00  
    0:25:33  304232.4      0.00       0.0    7894.6                           4621124.5000      0.00  
    0:25:33  304232.4      0.00       0.0    7894.6                           4621124.5000      0.00  
    0:25:33  304232.4      0.00       0.0    7894.6                           4621124.5000      0.00  
    0:25:43  302835.6      0.00       0.0    7635.3                           4503346.5000      0.00  
    0:25:43  302835.6      0.00       0.0    7635.3                           4503346.5000      0.00  
    0:25:43  302835.6      0.00       0.0    7635.3                           4503346.5000      0.00  
    0:25:43  302835.6      0.00       0.0    7635.3                           4503346.5000      0.00  
    0:25:43  302835.6      0.00       0.0    7635.3                           4503346.5000      0.00  
    0:25:44  302835.6      0.00       0.0    7635.3                           4503346.5000      0.00  
    0:25:44  302835.6      0.00       0.0    7635.3                           4503346.5000      0.00  
    0:25:44  302835.6      0.00       0.0    7635.3                           4503346.5000      0.00  
    0:25:44  302835.6      0.00       0.0    7635.3                           4503346.5000      0.00  
    0:25:44  302835.6      0.00       0.0    7635.3                           4503346.5000      0.00  
    0:25:44  302835.6      0.00       0.0    7635.3                           4503346.5000      0.00  
    0:25:44  302835.6      0.00       0.0    7635.3                           4503346.5000      0.00  
    0:25:44  302835.6      0.00       0.0    7635.3                           4503346.5000      0.00  
    0:25:44  302835.6      0.00       0.0    7635.3                           4503346.5000      0.00  
    0:25:44  302835.6      0.00       0.0    7635.3                           4503346.5000      0.00  
    0:25:44  302835.6      0.00       0.0    7635.3                           4503346.5000      0.00  
    0:25:44  302835.6      0.00       0.0    7635.3                           4503346.5000      0.00  
    0:25:44  302835.6      0.00       0.0    7635.3                           4503346.5000      0.00  
    0:25:44  302835.6      0.00       0.0    7635.3                           4503346.5000      0.00  


  Beginning Design Rule Fixing  (max_transition)  (max_fanout)  (max_capacitance)
  ----------------------------

                                  TOTAL                                                            
   ELAPSED            WORST NEG   SETUP    DESIGN                              LEAKAGE   MIN DELAY 
    TIME      AREA      SLACK     COST    RULE COST         ENDPOINT            POWER      COST    
  --------- --------- --------- --------- --------- ------------------------- --------- -----------
    0:25:44  302835.6      0.00       0.0    7635.3                           4503346.5000      0.00  
  Global Optimization (Phase 33)
  Global Optimization (Phase 34)
  Global Optimization (Phase 35)
    0:25:48  303268.7      0.00       0.0    3007.8 cache_inst/tag_dout0[7]   4515689.5000      0.00  
    0:25:51  303679.4      0.00       0.0    2164.7                           4527163.5000      0.00  
    0:25:51  303679.4      0.00       0.0    2164.7                           4527163.5000      0.00  
    0:26:00  303665.8      0.00       0.0    2164.7                           4526926.0000      0.00  
    0:26:00  303665.8      0.00       0.0    2164.7                           4526926.0000      0.00  
    0:26:00  303665.8      0.00       0.0    2164.7                           4526926.0000      0.00  
    0:26:13  303586.3      0.00       0.0    2162.4                           4490432.5000      0.00  
    0:26:13  303586.3      0.00       0.0    2162.4                           4490432.5000      0.00  
    0:26:13  303586.3      0.00       0.0    2162.4                           4490432.5000      0.00  
    0:26:13  303586.3      0.00       0.0    2162.4                           4490432.5000      0.00  
    0:26:13  303586.3      0.00       0.0    2162.4                           4490432.5000      0.00  
    0:26:13  303586.3      0.00       0.0    2162.4                           4490432.5000      0.00  
    0:26:13  303586.3      0.00       0.0    2162.4                           4490432.5000      0.00  
    0:26:13  303586.3      0.00       0.0    2162.4                           4490432.5000      0.00  
    0:26:13  303586.3      0.00       0.0    2162.4                           4490432.5000      0.00  
    0:26:13  303586.3      0.00       0.0    2162.4                           4490432.5000      0.00  
    0:26:13  303586.3      0.00       0.0    2162.4                           4490432.5000      0.00  
    0:26:13  303586.3      0.00       0.0    2162.4                           4490432.5000      0.00  
    0:26:13  303586.3      0.00       0.0    2162.4                           4490432.5000      0.00  
    0:26:13  303586.3      0.00       0.0    2162.4                           4490432.5000      0.00  
    0:26:13  303586.3      0.00       0.0    2162.4                           4490432.5000      0.00  
    0:26:13  303586.3      0.00       0.0    2162.4                           4490432.5000      0.00  
    0:26:13  303586.3      0.00       0.0    2162.4                           4490432.5000      0.00  
    0:26:13  303586.3      0.00       0.0    2162.4                           4490432.5000      0.00  
    0:26:13  303586.3      0.00       0.0    2162.4                           4490432.5000      0.00  

                                  TOTAL                                                            
   ELAPSED            WORST NEG   SETUP    DESIGN                              LEAKAGE   MIN DELAY 
    TIME      AREA      SLACK     COST    RULE COST         ENDPOINT            POWER      COST    
  --------- --------- --------- --------- --------- ------------------------- --------- -----------
    0:26:20  303570.3      0.00       0.0    2162.4                           4490196.0000      0.00  
    0:26:28  303101.1      0.00       0.0    2195.3                           4486814.0000      0.00  
    0:26:28  303101.1      0.00       0.0    2195.3                           4486814.0000      0.00  
    0:26:28  303101.1      0.00       0.0    2195.3                           4486814.0000      0.00  
    0:26:35  303096.0      0.00       0.0    2194.6                           4484999.0000      0.00  
    0:26:50  303059.1      0.00       0.0    2194.6                           4484310.5000      0.00  
    0:27:11  302926.9      0.00       0.0    2194.6                           4482351.0000      0.00  
    0:27:15  303145.8      0.00       0.0    1812.8 cache_data/data_dout0[383] 4487246.0000      0.00  
    0:27:16  303401.4      0.00       0.0    1424.4                           4494623.5000      0.00  
    0:27:16  303401.4      0.00       0.0    1424.4                           4494623.5000      0.00  
    0:27:16  303401.4      0.00       0.0    1424.4                           4494623.5000      0.00  
    0:27:16  303401.4      0.00       0.0    1424.4                           4494623.5000      0.00  
    0:27:16  303401.4      0.00       0.0    1424.4                           4494623.5000      0.00  
    0:27:16  303401.4      0.00       0.0    1424.4                           4494623.5000      0.00  
    0:27:26  303358.3      0.00       0.0    1799.5                           4494991.0000      0.00  
CPU Load: 133%, Ram Free: 1 GB, Swap Free: 7 GB, Work Disk Free: 21 GB, Tmp Disk Free: 7 GB
Loading db file '/class/ece411/freepdk-45nm/stdcells.db'
Loading db file '/home/aiwan2/ece411_group/mp_ooo/sram/output/mp_cache_data_array/mp_cache_data_array_TT_1p0V_25C_lib.db'
Loading db file '/home/aiwan2/ece411_group/mp_ooo/sram/output/d_cache_data_array/d_cache_data_array_TT_1p0V_25C_lib.db'
Loading db file '/home/aiwan2/ece411_group/mp_ooo/sram/output/gshare_pht_array/gshare_pht_array_TT_1p0V_25C_lib.db'
Loading db file '/home/aiwan2/ece411_group/mp_ooo/sram/output/br_pred_scheme_array/br_pred_scheme_array_TT_1p0V_25C_lib.db'
Loading db file '/home/aiwan2/ece411_group/mp_ooo/sram/output/i_cache_data_array/i_cache_data_array_TT_1p0V_25C_lib.db'
Loading db file '/home/aiwan2/ece411_group/mp_ooo/sram/output/d_cache_tag_array/d_cache_tag_array_TT_1p0V_25C_lib.db'
Loading db file '/home/aiwan2/ece411_group/mp_ooo/sram/output/i_cache_tag_array/i_cache_tag_array_TT_1p0V_25C_lib.db'
Loading db file '/home/aiwan2/ece411_group/mp_ooo/sram/output/pht_array/pht_array_TT_1p0V_25C_lib.db'
Loading db file '/home/aiwan2/ece411_group/mp_ooo/sram/output/mp_cache_tag_array/mp_cache_tag_array_TT_1p0V_25C_lib.db'


Note: Symbol # after min delay cost means estimated hold TNS across all active scenarios 


  Optimization Complete
  ---------------------
Information: State dependent leakage is now switched from off to on.
Information: Propagating switching activity (low effort zero delay simulation). (PWR-6)
CPU Load: 128%, Ram Free: 1 GB, Swap Free: 7 GB, Work Disk Free: 21 GB, Tmp Disk Free: 7 GB
Information: Total number of MV cells in the design.
----------------------------------------------------------------------------------------------------
 MV Cells                                           Total Number                                   
----------------------------------------------------------------------------------------------------
 Level Shifter:                                     0                                             
 Enable Level Shifter:                              0                                             
 Isolation Cell:                                    0                                             
 Retention Cell:                                    0                                             
 Retention Clamp Cell:                              0                                             
 Switch Cell:                                       0                                             
 Always-On Cell:                                    0                                             
 Repeater Cell:                                     0                                             

----------------------------------------------------------------------------------------------------
Unmapped MV Cells 
----------------------------------------------------------------------------------------------------
0 Isolation Cells are unmapped 
0 Retention Clamp Cells are unmapped 
----------------------------------------------------------------------------------------------------
1
for {set i 0} {$i < [getenv ECE411_COMPILE_ITER]} {incr i} {
    eval [getenv ECE411_COMPILE_CMD_INC]
}
current_design $design_toplevel
Current design is 'cpu'.
{cpu}
report_area -hier > reports/area.rpt
report_timing -delay max > reports/timing.rpt
check_design
 
****************************************
check_design summary:
Version:     W-2024.09
Date:        Fri May  9 22:57:51 2025
****************************************

                   Name                                            Total
--------------------------------------------------------------------------------
No issues found.
--------------------------------------------------------------------------------

1
write_file -format ddc -hierarchy -output outputs/synth.ddc
Writing ddc file 'outputs/synth.ddc'.
1
write_file -format verilog -hierarchy -output [format "outputs/%s.gate.v" $design_toplevel]
Writing verilog file '/home/aiwan2/ece411_group/mp_ooo/synth/outputs/cpu.gate.v'.
1
exit

Memory usage for this session 1050 Mbytes.
Memory usage for this session including child processes 1334 Mbytes.
CPU usage for this session 1307 seconds ( 0.36 hours ).
Elapsed time for this session 1702 seconds ( 0.47 hours ).

Thank you...
